delivery_id,donation_id,volunteer_id,ngo_id,delivery_status,pickup_time,delivery_time,deliveryNotes
DEL-1000,3d4d193fba5e149ecec4595b,a516fbb54ae9923f6c485e76,cc3efec48c6e8683f9ce59ca,delivered,2024-03-01T09:00:00Z,2024-03-01T11:00:00Z,Success
DEL-1001,5633c276eb1d26b489e0ca0f,3656b5ef55845c4e33277918,c6f6f29250110acb018d0592,delivered,2024-03-01T09:00:00Z,2024-03-01T11:00:00Z,Success
DEL-1002,f4223edc38a2d77add3577ec,7d2af117f11af17081a9a0d8,4d14ff3e0d7b7c295bfc6b1f,delivered,2024-03-01T09:00:00Z,2024-03-01T11:00:00Z,Success
DEL-1003,06b96a35951aacc3703e57af,8b797ea0e26b3e2b25e9c61e,3a3b6a7555e4629b931dc347,delivered,2024-03-01T09:00:00Z,2024-03-01T11:00:00Z,Success
DEL-1004,bcbf3b54c0986d21c1f165d1,a7bc1f78ca772e3e8c6f28c1,22c1869844684ace475f7080,delivered,2024-03-01T09:00:00Z,2024-03-01T11:00:00Z,Success
DEL-1005,84b97241625c36658b95ab04,1a73e58f5b90549349ec34ac,0981ba32df4c5b0197ec32f4,delivered,2024-03-01T09:00:00Z,2024-03-01T11:00:00Z,Success
DEL-1006,fba0c9c172078ae250276082,8df93225d3a8687c3f3af5df,9fc3daf033775d601693fd94,delivered,2024-03-01T09:00:00Z,2024-03-01T11:00:00Z,Success
DEL-1007,ed9a82498d1ba1d4a4018804,210015d8416635932f94943f,cbdbf2674489db4801c0a2bd,delivered,2024-03-01T09:00:00Z,2024-03-01T11:00:00Z,Success
DEL-1008,6dd954419ec16c4cbe7efed1,47619dd64dcf61bcf443aa0e,65055fedd7cf5170949795ad,delivered,2024-03-01T09:00:00Z,2024-03-01T11:00:00Z,Success
DEL-1009,f3cdc58d264c3b27bf368478,280575d4c4ee3b150e595610,647d81da18713dd3d4ddd797,delivered,2024-03-01T09:00:00Z,2024-03-01T11:00:00Z,Success
DEL-1010,386190620e12a3e65a96ab79,5832851a648ced8dcc587561,ea1bf31d0fa48079b85c796d,delivered,2024-03-01T09:00:00Z,2024-03-01T11:00:00Z,Success
DEL-1011,36e5a7b18e41c939edc08fc8,0be6ff5fd91a7e62a64f9856,dd9de253c9d2e7a947208d9d,delivered,2024-03-01T09:00:00Z,2024-03-01T11:00:00Z,Success
DEL-1012,1b0e5109b33ac168ae85a48a,8b656b6fc889713ba2215dae,62ebcc56ab0508a84dd32df1,delivered,2024-03-01T09:00:00Z,2024-03-01T11:00:00Z,Success
DEL-1013,eeb74b231105b81699b9f62f,35d9311e0b758a59bd2d7790,66e987d84a2a52c7050b30bb,delivered,2024-03-01T09:00:00Z,2024-03-01T11:00:00Z,Success
DEL-1014,94c5b359ac9fa255a0ae2b33,68712de056b20b06ecff07ce,36f8764e080dd53f4a8c293f,delivered,2024-03-01T09:00:00Z,2024-03-01T11:00:00Z,Success
DEL-1015,eba1943f61dd716c3f3cbe2c,cf090c301c2c42479604391c,a5df70fb419873084b7c4888,delivered,2024-03-01T09:00:00Z,2024-03-01T11:00:00Z,Success
DEL-1016,953cfddd507abd91dcd29914,e6a82ecda9e025c6b5c20597,3c1e2d4b29dcc97a6c2f3097,delivered,2024-03-01T09:00:00Z,2024-03-01T11:00:00Z,Success
DEL-1017,dfbb0fe97a568c7f4a71669f,7143166e1b215fe8cde79195,2ab44d7e62c488cde8ee842b,delivered,2024-03-01T09:00:00Z,2024-03-01T11:00:00Z,Success
DEL-1018,b5514d406096e001f7189d47,55dbe1a7611216c925877c2a,f6fb88a2f122b7cf555815f1,delivered,2024-03-01T09:00:00Z,2024-03-01T11:00:00Z,Success
DEL-1019,43243b91c5322f5f7060194a,a2bbd4754d2b9fcafd20bc98,4d15f29bdde9f5de8939af26,delivered,2024-03-01T09:00:00Z,2024-03-01T11:00:00Z,Success
DEL-1020,13697c7be48c069161849c86,b8e31f676f768b0f45e37e22,b9a8e0832c78d0ae2cbd1d0d,delivered,2024-03-01T09:00:00Z,2024-03-01T11:00:00Z,Success
DEL-1021,9a9b078303473353cf97e79a,86645af0a7690a3c43f2fea9,b1304e53d8a901023f1af33d,delivered,2024-03-01T09:00:00Z,2024-03-01T11:00:00Z,Success
DEL-1022,445dd1c11ec82379d6127069,83126715f1ef95888228f433,ec6e0351a1c2e31d352e9d09,delivered,2024-03-01T09:00:00Z,2024-03-01T11:00:00Z,Success
DEL-1023,24a4baf7dcf235f170e97392,be0322cf7ca86ee2fdb4bed6,2669ac1ce55af734e80c181a,delivered,2024-03-01T09:00:00Z,2024-03-01T11:00:00Z,Success
DEL-1024,a6a2feb56cc191cee2b86fe6,800f1a0232f65db3855b84fc,ab438a79ff35259ab3222879,delivered,2024-03-01T09:00:00Z,2024-03-01T11:00:00Z,Success
DEL-1025,6b729b2d5aa83f7116c72905,10f78f49d06c0e397894fd5b,7c7dc5210fe77be8a9d1a4ca,delivered,2024-03-01T09:00:00Z,2024-03-01T11:00:00Z,Success
DEL-1026,9c997cda14fe96d5432d2386,debea7026618e41249f8746b,b3dba8e7273c9ab1fc9e17ff,delivered,2024-03-01T09:00:00Z,2024-03-01T11:00:00Z,Success
DEL-1027,4a33fb719ca862533a2ebe8f,c0aeb45344092e42dad09767,52d27a434d5bdea34b496c17,delivered,2024-03-01T09:00:00Z,2024-03-01T11:00:00Z,Success
DEL-1028,8ac200e0036bbc12ffc15ec1,d2c58bf843b74b0a25b0b6a1,14616971998ece0ab8579eaa,delivered,2024-03-01T09:00:00Z,2024-03-01T11:00:00Z,Success
DEL-1029,61458eea1dbb8ce996958315,b46f97b74aca996ef6eede81,d9f87e5c45c63350a1dac639,delivered,2024-03-01T09:00:00Z,2024-03-01T11:00:00Z,Success
DEL-1030,73f10eeca12b80f1082b9bb9,bea208495c3dfee34eecd602,b48ffb70ca0aab3493eb1d14,delivered,2024-03-01T09:00:00Z,2024-03-01T11:00:00Z,Success
DEL-1031,a0034a12e4d698a0881a224b,49d991bf5dee221b46bc3765,d49ceb0565b8740e28dcb45f,delivered,2024-03-01T09:00:00Z,2024-03-01T11:00:00Z,Success
DEL-1032,0c33f03eff842e3350c53dcc,b2242b74c0188b33eec6ce41,5d20778fababd7821a938ec3,delivered,2024-03-01T09:00:00Z,2024-03-01T11:00:00Z,Success
DEL-1033,498c14b1d5aff14c05e37b3d,4acb9bd74aed63872964b680,168c9619f05f4dee0e74cd8c,delivered,2024-03-01T09:00:00Z,2024-03-01T11:00:00Z,Success
DEL-1034,0ae42072957d6f3e4a5c8ffc,fd5d12ce7a9d8128101bcfa8,04dedf36c30213595b47f1eb,delivered,2024-03-01T09:00:00Z,2024-03-01T11:00:00Z,Success
DEL-1035,144f61f1e8a248f13051f5d3,e69ff4da28586c70e33dc76d,8e5a53b049abac90b7497100,delivered,2024-03-01T09:00:00Z,2024-03-01T11:00:00Z,Success
DEL-1036,f1a0a21e74658fb13fb990bf,c19015ff65203bfa3a5d2dae,18c9d72508757b1d6d66d5ea,delivered,2024-03-01T09:00:00Z,2024-03-01T11:00:00Z,Success
DEL-1037,4598f37a9d2d7b767ec3c5e6,61697e10202c01732a9cec11,769f081b4e6f288a69350e0f,delivered,2024-03-01T09:00:00Z,2024-03-01T11:00:00Z,Success
DEL-1038,8de72c88da10c829b319df13,076c23e5ee1b55f6e23b2c89,d99552d465dc2a56c19e4aee,delivered,2024-03-01T09:00:00Z,2024-03-01T11:00:00Z,Success
DEL-1039,cc31b0bc3ed2c35d8180d794,8639a11639ddaa3175bcdc22,620af78913ac414c620961e0,delivered,2024-03-01T09:00:00Z,2024-03-01T11:00:00Z,Success
DEL-1040,8b10fe96ddcd0a6a26c104c4,82dc0a44a78cea3a39d8df76,f1e5ea604cafb675de72e6cd,delivered,2024-03-01T09:00:00Z,2024-03-01T11:00:00Z,Success
DEL-1041,339841788a9dcf0342bf97c8,e83d9849b5357aa7f97a96a6,f7a401d55b42e35b359807c5,delivered,2024-03-01T09:00:00Z,2024-03-01T11:00:00Z,Success
DEL-1042,dbaf35c642c64f6baea483f5,a924ad35677f8bff732978dd,7522b8eead4aa036047de9e8,delivered,2024-03-01T09:00:00Z,2024-03-01T11:00:00Z,Success
DEL-1043,9c7d4700d195b924dc26703c,f0e8fec8bfad08a2e2f9e75e,a8cf984c3c67f62487456aee,delivered,2024-03-01T09:00:00Z,2024-03-01T11:00:00Z,Success
DEL-1044,324bb562bb7c9226823eb053,cba173ac0a6764209ecb28ea,baa37617047533b0c92f91b8,delivered,2024-03-01T09:00:00Z,2024-03-01T11:00:00Z,Success
DEL-1045,9844627ab066f1ae9daf2615,96dd52bb25941ef5b2919d43,4fe3870a8daf703d06c5e426,delivered,2024-03-01T09:00:00Z,2024-03-01T11:00:00Z,Success
DEL-1046,d7f58cdc24cd4ec483d48cd2,80b8147267a909cd778b5b64,91f25db3bec4e4f09d60fe8a,delivered,2024-03-01T09:00:00Z,2024-03-01T11:00:00Z,Success
DEL-1047,5a2b44494fe2cfbd0fc1a987,bd425333ae10e37fe94cc63d,1e699c48abea1dd59f48a175,delivered,2024-03-01T09:00:00Z,2024-03-01T11:00:00Z,Success
DEL-1048,359bc7822f2561b312105097,cf58786dd137ec09009e9961,bb252a51bd63cd54024286e9,delivered,2024-03-01T09:00:00Z,2024-03-01T11:00:00Z,Success
DEL-1049,721b445e70a0fecbdda35b70,5e8bbb45259481c902e6a9f5,5cdcbc947af9bd14297cba69,delivered,2024-03-01T09:00:00Z,2024-03-01T11:00:00Z,Success
DEL-1050,b351db970c6394e53834a1ff,72dc63d4ae4e3f9ce4c7130e,b329c952e838d308698c9e32,delivered,2024-03-01T09:00:00Z,2024-03-01T11:00:00Z,Success
DEL-1051,4584be3356f0f814d3a19de0,4d01a43ff5662a99c203692b,c80dcb17b26e5c8b17dc1935,delivered,2024-03-01T09:00:00Z,2024-03-01T11:00:00Z,Success
DEL-1052,23fe6f7afbb7598d3062f918,a121d5a68a53bf80f2191795,6bd97b2818f36226c0f111e5,delivered,2024-03-01T09:00:00Z,2024-03-01T11:00:00Z,Success
DEL-1053,30e176ae7b77b263c75d62d7,fc5566f236a928a1466e7aa9,5bb97f613ea844e0bfff680f,delivered,2024-03-01T09:00:00Z,2024-03-01T11:00:00Z,Success
DEL-1054,7ec413474e9d91312fcc8dcd,1553f77b7a8de8470ad186f4,ffcb078758f155759d48d302,delivered,2024-03-01T09:00:00Z,2024-03-01T11:00:00Z,Success
DEL-1055,75f3c7c6c116aa9b87c1cd8d,989d524b6586297c4f3aa5bd,b525f431e2528352fe96716e,delivered,2024-03-01T09:00:00Z,2024-03-01T11:00:00Z,Success
DEL-1056,ad60a9a976265b348d2b68a4,129b03b1fd5e71098dbeb2ce,8ac45cba6365c203753f826f,delivered,2024-03-01T09:00:00Z,2024-03-01T11:00:00Z,Success
DEL-1057,bcd2b091e85029372ff5748f,84e336b56ad9f34a222a2204,7316e6cc18836a7ae5816f01,delivered,2024-03-01T09:00:00Z,2024-03-01T11:00:00Z,Success
DEL-1058,36e2b8a664fe4825c075d5c6,33beb73bb03893cd42698e0f,ff592a00ffd6cc157b764999,delivered,2024-03-01T09:00:00Z,2024-03-01T11:00:00Z,Success
DEL-1059,72e62ff0e85dabc32b352cba,84b817659198268ac7a221ca,88547b1c2bf4cde35e69ee83,delivered,2024-03-01T09:00:00Z,2024-03-01T11:00:00Z,Success
DEL-1060,ffb6f9c26ca05e32678c5112,3bd9baea8834efcd46e69550,45ac7d4041c77abcc3bd8543,delivered,2024-03-01T09:00:00Z,2024-03-01T11:00:00Z,Success
DEL-1061,3638875502668b1cbfe3c6c3,02d222dae2eeb2d1450ca4bd,87a2a0e3f94c1f44bc3743ca,delivered,2024-03-01T09:00:00Z,2024-03-01T11:00:00Z,Success
DEL-1062,b28cf124b210ffd599dd79c7,3eee96ac64a43ae4ab4c33f4,03c93c67557c793ff3ffeafc,delivered,2024-03-01T09:00:00Z,2024-03-01T11:00:00Z,Success
DEL-1063,885599bf053aa208274a0186,e4d1b9ad2060619ab30946c6,5448ebfbc55781c9abf9d131,delivered,2024-03-01T09:00:00Z,2024-03-01T11:00:00Z,Success
DEL-1064,bc905607291c373987d32d8a,8c1d100830aa5e412fd581b6,ef12fa0b33fcdc643c0ae0fb,delivered,2024-03-01T09:00:00Z,2024-03-01T11:00:00Z,Success
DEL-1065,bfe2d7162e81f186f68124a8,1da88337a5ff000a197efc12,831fc4adb4045a3cd2845392,delivered,2024-03-01T09:00:00Z,2024-03-01T11:00:00Z,Success
DEL-1066,b875e0c75a386663e05e57c5,37807b7c45034fcd608b5eb2,97e2503ca9a01609010059ab,delivered,2024-03-01T09:00:00Z,2024-03-01T11:00:00Z,Success
DEL-1067,1e45a54af1cab6ba68835986,92fe10462a18b45afce5837c,1d6b277beec6281410e97d3a,delivered,2024-03-01T09:00:00Z,2024-03-01T11:00:00Z,Success
DEL-1068,28c443d514a200e871f2dedc,d019aefbc4dc9d6c73552728,9dad631c3e63d8559415d699,delivered,2024-03-01T09:00:00Z,2024-03-01T11:00:00Z,Success
DEL-1069,556f9d9b6acfd2aa4ab38a61,fa51d150bd0d4da60edfa253,9907aae480b8ccb7ea61ccc8,delivered,2024-03-01T09:00:00Z,2024-03-01T11:00:00Z,Success
DEL-1070,f89df931f88077dcff286b50,3cbfaf8f2cc73605022a41d9,ebb51b60db2e873bfa9abd56,delivered,2024-03-01T09:00:00Z,2024-03-01T11:00:00Z,Success
DEL-1071,dc6e8c1625cc52def649e2b8,1d5dae2e625ce0a499f04e25,a1855e9a19cd9d3062726c10,delivered,2024-03-01T09:00:00Z,2024-03-01T11:00:00Z,Success
DEL-1072,a091736e07b8bd6d4b2b8734,27dceb7a222d1e4d07b15d9e,1d7139a91e68896fe1d7dba8,delivered,2024-03-01T09:00:00Z,2024-03-01T11:00:00Z,Success
DEL-1073,fdaea686d32a806fc21eb8b6,b8778650b90f654b35176e0b,42cbf9e489e15870847dce63,delivered,2024-03-01T09:00:00Z,2024-03-01T11:00:00Z,Success
DEL-1074,43aa7cdddbae50b6e2f60908,6aa076396d809d5c054a2405,07660b518b56fe25f40d5d61,delivered,2024-03-01T09:00:00Z,2024-03-01T11:00:00Z,Success
DEL-1075,5a9d28888b14220ff103c525,34d70edc783233ffe6aadfb8,4d9ffd9bb3fdc1602d146680,delivered,2024-03-01T09:00:00Z,2024-03-01T11:00:00Z,Success
DEL-1076,1f5f012ace8c0f6f3873645b,cc7351a36498f31d4a37e80e,0b6ae9e07513a9d94f24d53f,delivered,2024-03-01T09:00:00Z,2024-03-01T11:00:00Z,Success
DEL-1077,f5805f2d8d2c5bf67001a32d,3d3179e38eae9810c38c619b,c3ec4a9b045ecbe2c4c18503,delivered,2024-03-01T09:00:00Z,2024-03-01T11:00:00Z,Success
DEL-1078,a00e98e365ba2acf86167765,9a85f7c8643e46cee09f0f71,e5d11504ffd4f8fc71664676,delivered,2024-03-01T09:00:00Z,2024-03-01T11:00:00Z,Success
DEL-1079,c2321d250dc3a712412ff05b,95c5e7ad7c696cb28db73b7c,5b7dc22480cbb77580d60b16,delivered,2024-03-01T09:00:00Z,2024-03-01T11:00:00Z,Success
DEL-1080,fa2ee1fb4b63e3a17ff6e9bf,0e7d66fb4d155e0326789e85,13df51d10bf06a2e88eba533,delivered,2024-03-01T09:00:00Z,2024-03-01T11:00:00Z,Success
DEL-1081,f3900e8951d4304e66773015,6f4a86fc176794138fbd22e9,b5d517e5998a1e6513330d89,delivered,2024-03-01T09:00:00Z,2024-03-01T11:00:00Z,Success
DEL-1082,17b12a7aca385533d4c14dc1,bf8783da5487d4a338b2a44a,0d463dc5368bd2a6086bf64c,delivered,2024-03-01T09:00:00Z,2024-03-01T11:00:00Z,Success
DEL-1083,ee90d6637bd366e76e743072,87cf509e9479f099c9866936,c9e386feddfb1026633708c2,delivered,2024-03-01T09:00:00Z,2024-03-01T11:00:00Z,Success
DEL-1084,4be9078bc7b8040895cae9ec,8fec510d6ac77a48b5c50a30,634ed8b251beb287e9d560fa,delivered,2024-03-01T09:00:00Z,2024-03-01T11:00:00Z,Success
DEL-1085,5499a37ae13eef9361f35e02,d92d3acd11b5dbe5e7ea319d,0b9019402a0377f31b77de2b,delivered,2024-03-01T09:00:00Z,2024-03-01T11:00:00Z,Success
DEL-1086,740320eff4196a1481cc9e18,d307e002d574cf7412d8b0c0,cd692c9d243f5bb953689a0d,delivered,2024-03-01T09:00:00Z,2024-03-01T11:00:00Z,Success
DEL-1087,23d85dc8202ceeeab13bdb0d,a5a5d83938a152743e780512,009d740e9fd005bbe25517ca,delivered,2024-03-01T09:00:00Z,2024-03-01T11:00:00Z,Success
DEL-1088,30aeaec7f13e6e652abb5765,3b2913e66f42932ced961d6a,02bde3b43e28d84921b363a8,delivered,2024-03-01T09:00:00Z,2024-03-01T11:00:00Z,Success
DEL-1089,956e83b500c19f3b571fec74,a58520b0898e93c769aeaabf,edad87282045c36703f1ff33,delivered,2024-03-01T09:00:00Z,2024-03-01T11:00:00Z,Success
DEL-1090,520f5fa598636c6fd09af556,929e97f940938b9059a5b122,a76802569e384b178d48c009,delivered,2024-03-01T09:00:00Z,2024-03-01T11:00:00Z,Success
DEL-1091,457629874b54010206350979,3cb82bdbdc28a861b5291bfc,ce59468dde1d21e657114610,delivered,2024-03-01T09:00:00Z,2024-03-01T11:00:00Z,Success
DEL-1092,a07a0e6bf00666451dd4b0d3,c89cb3bb7032cbeb84e431ca,54ba295cb785fff76a0f3c1d,delivered,2024-03-01T09:00:00Z,2024-03-01T11:00:00Z,Success
DEL-1093,3f71affe17a59d750a1bb943,4bcc42db8c2aa5a0874ec92b,6a7be6cdd50a08df8a24e063,delivered,2024-03-01T09:00:00Z,2024-03-01T11:00:00Z,Success
DEL-1094,91b45d661ba064ae0e1d31da,cbccd58e38b1405eb3093412,8f16ce42f50d709f18cc496d,delivered,2024-03-01T09:00:00Z,2024-03-01T11:00:00Z,Success
DEL-1095,447fc09f4e40894c0d3b4ec6,b6c4941edb961313dcde0c34,c46eda38d0a544041c0d34aa,delivered,2024-03-01T09:00:00Z,2024-03-01T11:00:00Z,Success
DEL-1096,4fe070403315d544f063db66,af05abd3f661984d208db37a,74df3d56381e494a2943f0a6,delivered,2024-03-01T09:00:00Z,2024-03-01T11:00:00Z,Success
DEL-1097,281b8353c4825488bd827939,1e9a262d62af3f8a7ae76019,83ecf44181a911b64a083b64,delivered,2024-03-01T09:00:00Z,2024-03-01T11:00:00Z,Success
DEL-1098,0191ba998cf9aa05f2a84c97,b062570f146fd294b1c4d472,37899607802bd29f69ccab57,delivered,2024-03-01T09:00:00Z,2024-03-01T11:00:00Z,Success
DEL-1099,80b54c36b4566cfb66c85718,f5ef562d588d9be5874ece31,580d5ec9ce3c68985b6b5895,delivered,2024-03-01T09:00:00Z,2024-03-01T11:00:00Z,Success
DEL-1100,2c6e3e46d531ad95f481eb35,f842daab085e6eb31c9ff83b,4d6fdd769ed08555af282f24,delivered,2024-03-01T09:00:00Z,2024-03-01T11:00:00Z,Success
DEL-1101,79cdde6b153306bb5f30dee3,44b1ebbdb91b8a3b5b1370e8,6b5089709defb73e8cc5166f,delivered,2024-03-01T09:00:00Z,2024-03-01T11:00:00Z,Success
DEL-1102,69f04b23d0f0cf5fa3355f3c,9c2a05ae99ed7b8baa25c24a,0c39bafb330ad2ca64ab5df5,delivered,2024-03-01T09:00:00Z,2024-03-01T11:00:00Z,Success
DEL-1103,487cf1e1fac67a8e19bfea0e,f265600656649976235cd7d2,154d23d9dc3891345044710d,delivered,2024-03-01T09:00:00Z,2024-03-01T11:00:00Z,Success
DEL-1104,acd44e79852fa294e67da7ab,1da41593f853f8117f5e0383,8d396b1933b09de108c4762d,delivered,2024-03-01T09:00:00Z,2024-03-01T11:00:00Z,Success
DEL-1105,9235cd0a8145398191c9adc4,dc7cb8df1c5259e20c999096,4b318c56970dfe64f69243b4,delivered,2024-03-01T09:00:00Z,2024-03-01T11:00:00Z,Success
DEL-1106,c2a78ca1a5195a86f85377b0,7bf8d1b2dfeb66fe5def1233,bdf850ca226a782a6431155e,delivered,2024-03-01T09:00:00Z,2024-03-01T11:00:00Z,Success
DEL-1107,ed8b699112a7ec5f0e1ec0ac,e26939cc581e85521f57a6a0,ba8b7dbe20b37a7e84969608,delivered,2024-03-01T09:00:00Z,2024-03-01T11:00:00Z,Success
DEL-1108,4ad958e3041204e9d2f373c9,80ecfbe2231913f67ab6d26c,3b010eb9e2ccc1497432dacb,delivered,2024-03-01T09:00:00Z,2024-03-01T11:00:00Z,Success
DEL-1109,9a6029f1cdde89a0139dd018,8d0c56941a82f69b8b16751e,c689edc84b01f1aebe1eae4b,delivered,2024-03-01T09:00:00Z,2024-03-01T11:00:00Z,Success
DEL-1110,39dddd9918560d942820b3b4,1dbb123055c88bf214dbddf8,dbf087755269fa70fdca26ab,delivered,2024-03-01T09:00:00Z,2024-03-01T11:00:00Z,Success
DEL-1111,e13e588c9cc9d460aa864919,d26cb511c71b60417746d503,47ab16ce51d1f8ca0bb1df7b,delivered,2024-03-01T09:00:00Z,2024-03-01T11:00:00Z,Success
DEL-1112,c21771834bc25bf372a64b60,dc7c546d54971298668deed7,151aa1b8e7ff7b05ab84133c,delivered,2024-03-01T09:00:00Z,2024-03-01T11:00:00Z,Success
DEL-1113,31e274dd6a3c7282cf51e404,06506e4ee08db102c90cf33e,5130fa3601e423ccfb0c3fbc,delivered,2024-03-01T09:00:00Z,2024-03-01T11:00:00Z,Success
DEL-1114,4b74611a1dd6af608441464e,03852e27e7315908f2993f8c,88e6fb08bfdacedcf7730178,delivered,2024-03-01T09:00:00Z,2024-03-01T11:00:00Z,Success
DEL-1115,63c19951147effb0757e1ca1,1138b077772335e9fa0c8afa,ecffc8b7718ccaa37dbb2df7,delivered,2024-03-01T09:00:00Z,2024-03-01T11:00:00Z,Success
DEL-1116,7b6b12d77fc70b7119359e7e,0906dead642bd5c7d4861278,4a61bdb74e21732325afc442,delivered,2024-03-01T09:00:00Z,2024-03-01T11:00:00Z,Success
DEL-1117,ce762830a580c0986f278f27,74d1c7f62cf7d23804d34aac,22d1f0ae2cb0ef5a90075dd4,delivered,2024-03-01T09:00:00Z,2024-03-01T11:00:00Z,Success
DEL-1118,ed8c9f975b76896c17ca5fcd,d390d8007c145fcc99f641d8,8fbf74817fb8b06dc7f18b31,delivered,2024-03-01T09:00:00Z,2024-03-01T11:00:00Z,Success
DEL-1119,99f0f78e718e0076b1827650,5f1724c2d9147a15aaf779f5,1128ba7714c4f919ba33ca9f,delivered,2024-03-01T09:00:00Z,2024-03-01T11:00:00Z,Success
DEL-1120,32e1736647321c01982214f2,667838f098362c6375f19236,c821be7dbc76c621488b8bbe,delivered,2024-03-01T09:00:00Z,2024-03-01T11:00:00Z,Success
DEL-1121,5e1661c98f42154957e61260,a4cb6e2936d79713cd35cd34,26c3205cc523294a215b0ce7,delivered,2024-03-01T09:00:00Z,2024-03-01T11:00:00Z,Success
DEL-1122,1d27afea953175d13e710e18,81f62058c46c1a7732a32982,d6bf5a4388f9821f6146bc5c,delivered,2024-03-01T09:00:00Z,2024-03-01T11:00:00Z,Success
DEL-1123,f9c45b1c7679c5f6d8a47230,ada72545911ee0993424ac36,32688e93e714faa9dbe48145,delivered,2024-03-01T09:00:00Z,2024-03-01T11:00:00Z,Success
DEL-1124,6696ef7a708e5a86d20b4d8f,b099e31523fe7d45c8b92b9a,c7396e5b7c4dc8b3031d7576,delivered,2024-03-01T09:00:00Z,2024-03-01T11:00:00Z,Success
DEL-1125,f3d7688ef08ca56063f5f722,d266212cef58cc06e0d3a869,61745e9e449369a8f0085344,delivered,2024-03-01T09:00:00Z,2024-03-01T11:00:00Z,Success
DEL-1126,b58aaeee60919a0048d47989,cd805fa38651b171c2401051,7eabe1d0d316ea556c9cee55,delivered,2024-03-01T09:00:00Z,2024-03-01T11:00:00Z,Success
DEL-1127,47474b43271aa506f7583dd3,384716d0ae8439a15a1a675a,bd3412aeaca092b93f25380d,delivered,2024-03-01T09:00:00Z,2024-03-01T11:00:00Z,Success
DEL-1128,f00df5f5ac44df9222a98506,17ca7ad06fd00b1baf606dd1,875ae3d591c921db230993b1,delivered,2024-03-01T09:00:00Z,2024-03-01T11:00:00Z,Success
DEL-1129,600a55ce86c61d5a5e60a899,a55fbec1c19dac749f60417c,7295e55ed168ef9ceefb75c5,delivered,2024-03-01T09:00:00Z,2024-03-01T11:00:00Z,Success
DEL-1130,90cadd35ee0b1d0b88be206e,7258e629dc4481b362a30fbe,376a12cf95cfccfbfcbc2de7,delivered,2024-03-01T09:00:00Z,2024-03-01T11:00:00Z,Success
DEL-1131,4c1f935e17563667c4d93ab9,5466a4e4e2c98d9904aadd8f,857bed2ff6e589958b1aa3f7,delivered,2024-03-01T09:00:00Z,2024-03-01T11:00:00Z,Success
DEL-1132,b705f2b5b47543ee714e9900,87fc7e98c487c097689a36bc,49e142a791d1addb24b35384,delivered,2024-03-01T09:00:00Z,2024-03-01T11:00:00Z,Success
DEL-1133,4c3d9915439bd11266c2bbb7,cd34411b686ca0f50290c62a,9473de7a0a174d441767f46c,delivered,2024-03-01T09:00:00Z,2024-03-01T11:00:00Z,Success
DEL-1134,3ef56d08878d21d1ee6bf7ac,cca4ce98c3bc8b8e026d1fd0,e1031e8fdd71387aacd09eb7,delivered,2024-03-01T09:00:00Z,2024-03-01T11:00:00Z,Success
DEL-1135,e84d0ee0198b903ae522e0df,9d5c4566a63e993e7632d81c,c15dc7bd91faea15e6c96488,delivered,2024-03-01T09:00:00Z,2024-03-01T11:00:00Z,Success
DEL-1136,8ea62ab10d2ed3a290d89997,7a1a0a3e4e17cc9d5f252e23,42e62ca674e9c66cad040389,delivered,2024-03-01T09:00:00Z,2024-03-01T11:00:00Z,Success
DEL-1137,ba7b24fc0e1eaeea97212c26,e32419d5ab865248d1b3e24a,1bcca197c95b7280da77bb7e,delivered,2024-03-01T09:00:00Z,2024-03-01T11:00:00Z,Success
DEL-1138,f1e1c59eb823923a165a499f,ef0ee121001b84ed6737ca84,3547e7a4743a68f423401b8f,delivered,2024-03-01T09:00:00Z,2024-03-01T11:00:00Z,Success
DEL-1139,0492562f42d318280411f13e,cb5a438dc7e3a614500acfdf,07157f7b7c1cdb744a85267b,delivered,2024-03-01T09:00:00Z,2024-03-01T11:00:00Z,Success
DEL-1140,f9b8d9939870d5f13deb371b,5ff2896a3e868007406c9bd0,9eebf34245c8b3540b0462d3,delivered,2024-03-01T09:00:00Z,2024-03-01T11:00:00Z,Success
DEL-1141,7ff7497759177664a21cb9d1,bb24f8443e194a6e1561c597,a61c21282133be0fc0d1daa5,delivered,2024-03-01T09:00:00Z,2024-03-01T11:00:00Z,Success
DEL-1142,6627fe42f2e080bd357d6f1b,8a244dd9159b7b17c416eb8e,54ae069aa658c5e2fb1ec354,delivered,2024-03-01T09:00:00Z,2024-03-01T11:00:00Z,Success
DEL-1143,03bf5df0ab4cc57a2cd6afbd,dbc7a1b1d2c23af65b4ab84d,bce6fe0a5705a0ef933c72b4,delivered,2024-03-01T09:00:00Z,2024-03-01T11:00:00Z,Success
DEL-1144,7e88e3df80e73aec036fdd46,8149ee8624ca2532b70861f1,7282506f9bf43165e670c3de,delivered,2024-03-01T09:00:00Z,2024-03-01T11:00:00Z,Success
DEL-1145,bbf6c39368b3deb8b3f7a100,6d42b49875fe252b688c5329,4c048af8054728c789c59a1d,delivered,2024-03-01T09:00:00Z,2024-03-01T11:00:00Z,Success
DEL-1146,f06d093734831c4cd5dcad55,28665ce2654c1e8a79a2382b,c724228293c324f609aefc9b,delivered,2024-03-01T09:00:00Z,2024-03-01T11:00:00Z,Success
DEL-1147,b12c85392635b46de5a12d3a,aadd213a3ddf2cc2c8072f1d,79374b5f30fa10a6ffc1e760,delivered,2024-03-01T09:00:00Z,2024-03-01T11:00:00Z,Success
DEL-1148,dd79ced8de196ea249d8f655,36afa7639368fc0de09d3b26,a6daa487a7dedfd4dee58a40,delivered,2024-03-01T09:00:00Z,2024-03-01T11:00:00Z,Success
DEL-1149,91bb7fafa3120ac8fe7c5ace,99aaa8ade2542f1954c45a62,19935b90ba55eb3feb1cab55,delivered,2024-03-01T09:00:00Z,2024-03-01T11:00:00Z,Success
DEL-1150,d81933a166113f1b0086fd8d,533ff384b39b1479839cd27d,ce52f76386a8aac8364d4757,delivered,2024-03-01T09:00:00Z,2024-03-01T11:00:00Z,Success
DEL-1151,ce2d5b49767991c00bfb1597,9a448528699388c367797149,02c5c01d7f07c9df486722f1,delivered,2024-03-01T09:00:00Z,2024-03-01T11:00:00Z,Success
DEL-1152,86a7e91a1d4e7392d832f45a,f63d20f9a744aeba1e8267d9,a0cb1e2cad7b5338cd47c9d8,delivered,2024-03-01T09:00:00Z,2024-03-01T11:00:00Z,Success
DEL-1153,6e147e97765b87106a7b1aee,59fc02f52f7f74fd73609dce,5e28b27edfb040b8e650a366,delivered,2024-03-01T09:00:00Z,2024-03-01T11:00:00Z,Success
DEL-1154,f9a03efd3cf198a9376fc14b,5c35c70bb137e6c85970c17f,bb542e9bdc4c8ae58262c96d,delivered,2024-03-01T09:00:00Z,2024-03-01T11:00:00Z,Success
DEL-1155,1e3191e7891f8bc2dbe40dea,3af96052cf44f90162c8103c,88638db2d3789c63e4b7616f,delivered,2024-03-01T09:00:00Z,2024-03-01T11:00:00Z,Success
DEL-1156,e17048371add7e93d5673688,4697b69292670b0dcace9f89,ceda480522cb9ba503292f74,delivered,2024-03-01T09:00:00Z,2024-03-01T11:00:00Z,Success
DEL-1157,3dd59444ddce61c37864e782,0a357605f6145c9be62fe0ca,fad3914e13bac84127249980,delivered,2024-03-01T09:00:00Z,2024-03-01T11:00:00Z,Success
DEL-1158,e34a271ed4fb9ea5dbc418a9,c70e56c31f3a5812d513106e,33af5242941ecd4cf29ebad4,delivered,2024-03-01T09:00:00Z,2024-03-01T11:00:00Z,Success
DEL-1159,a9e9f4f139eefe1d7c74174d,d75d9e5c29b3a5b4096ed536,a543237a36deeced13fd5259,delivered,2024-03-01T09:00:00Z,2024-03-01T11:00:00Z,Success
DEL-1160,1eee98cfdd566bad3375b6ce,7918522d0cc0aa828be3edd2,c0db7da1deb576db3b2ff826,delivered,2024-03-01T09:00:00Z,2024-03-01T11:00:00Z,Success
DEL-1161,d2be4e9f4fcd003a27e11740,f78445d6bf55cae3bc592f56,39139e4284e5f24698294057,delivered,2024-03-01T09:00:00Z,2024-03-01T11:00:00Z,Success
DEL-1162,59a95ba16176095b1cbb546d,bb6940e3d484a4ed39beee8a,8b304e5a9fd9c3b4f6402b2a,delivered,2024-03-01T09:00:00Z,2024-03-01T11:00:00Z,Success
DEL-1163,bc23f38252406670db6f588c,72c77423df3e6a931787e616,ea56195b212a142b42e19f09,delivered,2024-03-01T09:00:00Z,2024-03-01T11:00:00Z,Success
DEL-1164,5bf513a3a02e4aa9c48e6e10,b4f642ecf5cb55ff2a3a4aed,5df22ec7d712e6b210b73547,delivered,2024-03-01T09:00:00Z,2024-03-01T11:00:00Z,Success
DEL-1165,8e19d3b1b60b0ad7188e6d9e,c3831b85c81559decc5ed6e4,16c1bf9963cb14611f8a5ead,delivered,2024-03-01T09:00:00Z,2024-03-01T11:00:00Z,Success
DEL-1166,24b17a875321cf6eb8fbce54,0ee0011cdb33ae1bad62aa98,ad98d841e8cf2089c86a0acd,delivered,2024-03-01T09:00:00Z,2024-03-01T11:00:00Z,Success
DEL-1167,f8704bd466568a3b6bdaaa2f,3de9fc4f92f9780ed4401764,dcad85e26d0261c89fbe25bb,delivered,2024-03-01T09:00:00Z,2024-03-01T11:00:00Z,Success
DEL-1168,b0221f898c12ec1dec9e3794,a5c58ef44218818a950deb9a,f2b216078d4812d9b0cd83f3,delivered,2024-03-01T09:00:00Z,2024-03-01T11:00:00Z,Success
DEL-1169,52f2c2615efaaf3023822d1c,bb1f3f76e4b0a48a31bc4e9c,ead2b1b519b468585df3098b,delivered,2024-03-01T09:00:00Z,2024-03-01T11:00:00Z,Success
DEL-1170,c8a58832a3e6eb70bb43ac71,8b744c6ec82d14a81372d97f,e97bee2b27942b44b057e8e1,delivered,2024-03-01T09:00:00Z,2024-03-01T11:00:00Z,Success
DEL-1171,b82bbd9d5a7c30089b23b967,f27bac173220919db12feda2,b6a28dbf9fe00e3f05dbdcad,delivered,2024-03-01T09:00:00Z,2024-03-01T11:00:00Z,Success
DEL-1172,ce8a36e2d3f8190f73b932f2,71d7a2dc2947b35196bd179f,07982c624c6375a20181aab0,delivered,2024-03-01T09:00:00Z,2024-03-01T11:00:00Z,Success
DEL-1173,9e0fe5104ec86ce026f97eb5,9ec287457fc512d2ca8f9eef,da0cb42e88da61127716c42a,delivered,2024-03-01T09:00:00Z,2024-03-01T11:00:00Z,Success
DEL-1174,c3624a086fd2ff1c10983dcd,55514e0319a98da22e85b7ec,f5dffafa0e61535c28a7c8b2,delivered,2024-03-01T09:00:00Z,2024-03-01T11:00:00Z,Success
DEL-1175,ec832470410fffcb7ea7c847,2b637e249d99a65f465388e8,e09c240d654db914d126e6dc,delivered,2024-03-01T09:00:00Z,2024-03-01T11:00:00Z,Success
DEL-1176,4e48c78be3504f7b0f473050,862a81fb99162884bfc327a7,1bc29a900848fc6aefe08a55,delivered,2024-03-01T09:00:00Z,2024-03-01T11:00:00Z,Success
DEL-1177,a17385b24022f8de6b4c4ebb,7a30f99dded2a4ab8d12ebd7,a2aaaec83d32e8d21458a733,delivered,2024-03-01T09:00:00Z,2024-03-01T11:00:00Z,Success
DEL-1178,de502278be55e2dc6c5a1bd4,d3790c67e6b7c9cf51a46bcf,949774d3623d80c364f15509,delivered,2024-03-01T09:00:00Z,2024-03-01T11:00:00Z,Success
DEL-1179,6fb4332b8d0085a7af776069,745e3d5970f052f9d687ff5c,6c140fcf52fb159ef4ad1f89,delivered,2024-03-01T09:00:00Z,2024-03-01T11:00:00Z,Success
DEL-1180,c5dd74cb6d12bb9ca98411ca,5ef9dd763d0f1b1804997a8c,196d08a1d2f92ea126f48dc5,delivered,2024-03-01T09:00:00Z,2024-03-01T11:00:00Z,Success
DEL-1181,ebe768dd1389e2851c65c89a,b49c34b1541c03c7ca58307f,501fa896d5e49f468a93f93d,delivered,2024-03-01T09:00:00Z,2024-03-01T11:00:00Z,Success
DEL-1182,7ec303222a5e2ff60bc15e5e,fa83948f8c7eba6e34cb49a4,a3f033d42cc5f20dade9a700,delivered,2024-03-01T09:00:00Z,2024-03-01T11:00:00Z,Success
DEL-1183,960a7b943eb5b4fc79ecd05d,ca43294f83004cbf37514947,d7c1e4147be79606ed417fc6,delivered,2024-03-01T09:00:00Z,2024-03-01T11:00:00Z,Success
DEL-1184,9a31d1125503e96424076a76,cca76eb1aab79198abceeb49,4ce419a50349cf55b043cf2b,delivered,2024-03-01T09:00:00Z,2024-03-01T11:00:00Z,Success
DEL-1185,0b616ca3e7da36335cde4647,17e0c6862afd6d12a89d5811,394b5e2ceac70308c4911046,delivered,2024-03-01T09:00:00Z,2024-03-01T11:00:00Z,Success
DEL-1186,933f919bf3edef9b86ef66d8,95d8a5e460f33fa3be2e7280,883c76b33418f1b6e104d024,delivered,2024-03-01T09:00:00Z,2024-03-01T11:00:00Z,Success
DEL-1187,044d54326d7e3f5b5f3fa449,d9611faf5e30fa3f8f1b0edb,02fe350eb701616a53d6962e,delivered,2024-03-01T09:00:00Z,2024-03-01T11:00:00Z,Success
DEL-1188,3f76e6740533e19487481f5c,0428c0a3e899cacf29edaccc,9e419a52ff2fe26608384974,delivered,2024-03-01T09:00:00Z,2024-03-01T11:00:00Z,Success
DEL-1189,9f637dc22e4674edb68f519a,7d559887c0f38d2839c330ac,d1a9b10475b7a70a7044fc67,delivered,2024-03-01T09:00:00Z,2024-03-01T11:00:00Z,Success
DEL-1190,44de0bbe1fcb9717ce340162,f6b9bc805fd32ecd93402d7f,beefcce2fdba386c2f3e4977,delivered,2024-03-01T09:00:00Z,2024-03-01T11:00:00Z,Success
DEL-1191,d8abe3cc16759a40c913b2fa,382df21c8ca6b20f6aa332f7,5c71fffac700883132df132b,delivered,2024-03-01T09:00:00Z,2024-03-01T11:00:00Z,Success
DEL-1192,fe610d8dc6c749ff191e2d93,c71c4296ef3faf91ce12bcc6,9e4199bfce624bbb2159602f,delivered,2024-03-01T09:00:00Z,2024-03-01T11:00:00Z,Success
DEL-1193,c2eee4e6e96a29de49ceae11,4cc344bf8ded5fe0a7cdbe86,72f1a3af702f7a3f896edc6b,delivered,2024-03-01T09:00:00Z,2024-03-01T11:00:00Z,Success
DEL-1194,92186e678a8d40096361f01f,a09f607982c08b07576f8495,f23f3225da62edd704830acb,delivered,2024-03-01T09:00:00Z,2024-03-01T11:00:00Z,Success
DEL-1195,2bf7a0a6b2306a1059a1ffed,524531016eb6783f1b0f5f91,40f612b6dda6a6aacc100202,delivered,2024-03-01T09:00:00Z,2024-03-01T11:00:00Z,Success
DEL-1196,795039fd79c38a993a07e78a,8091d567b335ea6c7809b9d4,4f6fd3bf52f8853094611e7e,delivered,2024-03-01T09:00:00Z,2024-03-01T11:00:00Z,Success
DEL-1197,a0a9ded8ec8a175ea0253ea8,aaf95150f9502697c5985c73,c3b2db100b11cf21cf4c9b7f,delivered,2024-03-01T09:00:00Z,2024-03-01T11:00:00Z,Success
DEL-1198,a8c0ca945c393b6c2f8e93aa,2c4778ba0cd921df185686a2,d53dcbf46c65ef39e524b322,delivered,2024-03-01T09:00:00Z,2024-03-01T11:00:00Z,Success
DEL-1199,23340b9c4669895dcef2b26a,eb46e36b3f9567749f09ae2c,ca996dd0f1bd7185d1a0326b,delivered,2024-03-01T09:00:00Z,2024-03-01T11:00:00Z,Success
DEL-1200,c3981632ca7936530dbd7c42,5312e465af550f2295b024e8,f67de1d58154e093aa6a4d33,delivered,2024-03-01T09:00:00Z,2024-03-01T11:00:00Z,Success
DEL-1201,b900c5c7b7750da0e4af32e2,8ce9337d122d49774ffdf4d8,ba251fdd99755cf8bd913311,delivered,2024-03-01T09:00:00Z,2024-03-01T11:00:00Z,Success
DEL-1202,97a2b40833ac0ebf44c2a7fe,24ca972d039c534a39efbf67,b9ceca780fe66c733a4290d1,delivered,2024-03-01T09:00:00Z,2024-03-01T11:00:00Z,Success
DEL-1203,6ee6de8436cedc84da40fa1a,1d329457c2fdb15fba544fab,519adfa89ea6d022afc1c4be,delivered,2024-03-01T09:00:00Z,2024-03-01T11:00:00Z,Success
DEL-1204,f1414f10b02e6f93704944fa,8fa9d4c93952f6674f9f9918,26ea33ba0a0f9e4505ab7703,delivered,2024-03-01T09:00:00Z,2024-03-01T11:00:00Z,Success
DEL-1205,8012e0213dd0621d8ba85ccf,5070c171f7d32c87c6d2346d,0a1485b98169b27a55afeae8,delivered,2024-03-01T09:00:00Z,2024-03-01T11:00:00Z,Success
DEL-1206,6c8726514ae5cced52643d96,7185e0f236638bfe4efc9028,7246f10cb4c20fcd294b0c6d,delivered,2024-03-01T09:00:00Z,2024-03-01T11:00:00Z,Success
DEL-1207,02f011b857465633c253a72a,0d0c46d3bd1987c2c0df7aa9,50ed8d4ff3586a1d4b8a3a86,delivered,2024-03-01T09:00:00Z,2024-03-01T11:00:00Z,Success
DEL-1208,5944bea6c38e6928c1caecb9,d456f271498b52f29bdd9f6c,18ea32f461d97e5f9d452d30,delivered,2024-03-01T09:00:00Z,2024-03-01T11:00:00Z,Success
DEL-1209,4e6cbfbf368122c435170c68,635717d408e7e37af264b0fd,4229ec1bcbe4e12dbb0cc174,delivered,2024-03-01T09:00:00Z,2024-03-01T11:00:00Z,Success
DEL-1210,bf53b778956ee0ca6067c609,4de1f4d80afb91eef9a99713,4364c0243c2de9b572a8d8f8,delivered,2024-03-01T09:00:00Z,2024-03-01T11:00:00Z,Success
DEL-1211,089b03a0bd6f23fda80c1102,0040dfbeb4a1eafde93c2e27,e77296a712e64fd3ae216223,delivered,2024-03-01T09:00:00Z,2024-03-01T11:00:00Z,Success
DEL-1212,9569249ab0ee6e11217f94ef,4fe95614fa76c6fc7badc3b3,20643c894c4daf1aa5e88eee,delivered,2024-03-01T09:00:00Z,2024-03-01T11:00:00Z,Success
DEL-1213,d85638e40b36310a1654d554,379ded5a13ffc6f1fbbb7165,ea998f416b7f53a3f5265c86,delivered,2024-03-01T09:00:00Z,2024-03-01T11:00:00Z,Success
DEL-1214,4b417d99f2e4a0f89ee6b483,f8cbf23b3df1aee98b713b4f,e0581c7d9b83cf1c4ab7118c,delivered,2024-03-01T09:00:00Z,2024-03-01T11:00:00Z,Success
DEL-1215,225ad0b2a91ffe504865aa80,a60fdbb694ef0d6ca5f16a65,34b60a2857d28505647f6556,delivered,2024-03-01T09:00:00Z,2024-03-01T11:00:00Z,Success
DEL-1216,2f86cd5963474e8a911ce9a3,6e1654152f7cccf306be010f,4e2c78cd808aa3663637675e,delivered,2024-03-01T09:00:00Z,2024-03-01T11:00:00Z,Success
DEL-1217,2774f8caf04cf72f4c4e7998,842cedb66851a75b436f6663,e79d48c60573e5ac58148e95,delivered,2024-03-01T09:00:00Z,2024-03-01T11:00:00Z,Success
DEL-1218,e879ca4e83e2118e13cc94c4,35460b74f184a33ad93ab105,deb325115d39feb1aee13c51,delivered,2024-03-01T09:00:00Z,2024-03-01T11:00:00Z,Success
DEL-1219,5e3eab0ce2746efc9ce25495,647a39e7d62b73a1e4a690df,fe22c61d40995674dcacbd81,delivered,2024-03-01T09:00:00Z,2024-03-01T11:00:00Z,Success
DEL-1220,19b62fe58e05540b5bd3153c,8379037e470bc838f5c16b5b,b626a33e3ae874a6a3ad56f2,delivered,2024-03-01T09:00:00Z,2024-03-01T11:00:00Z,Success
DEL-1221,42c2c09e3ce2988708851011,6edb10ef3b03f0930194b21d,996d8f562f1b1e366e3f8f95,delivered,2024-03-01T09:00:00Z,2024-03-01T11:00:00Z,Success
DEL-1222,d6b74488fc6f9dc9513ee741,998625a517b1fe5ae663ddf2,ac1d63e1f0e25cd55835f371,delivered,2024-03-01T09:00:00Z,2024-03-01T11:00:00Z,Success
DEL-1223,0161aafac21555250688dbe8,e6c9c6101b5a80c4b1b8e0cf,bbaa7134c54aadb7a0b021fa,delivered,2024-03-01T09:00:00Z,2024-03-01T11:00:00Z,Success
DEL-1224,e2ac40c97a25516f33c864e5,2325795e9dbbd3fac9bbd695,83d2c5b3a571cdd74a6d63b7,delivered,2024-03-01T09:00:00Z,2024-03-01T11:00:00Z,Success
DEL-1225,f59e8432f12edec01c7741fa,27283144d487f0107a5124d3,8c4167b7da8c2217e0bce299,delivered,2024-03-01T09:00:00Z,2024-03-01T11:00:00Z,Success
DEL-1226,545a7790cc01cd4c4c32bc38,378b1efef21ff341236df59f,3c4abad77d72a40cfa29ac11,delivered,2024-03-01T09:00:00Z,2024-03-01T11:00:00Z,Success
DEL-1227,7bb0f96efed4b8ef57aa7bee,61fdab7205cf247385e84c4c,d5a087bd1096d6ec0c5e4572,delivered,2024-03-01T09:00:00Z,2024-03-01T11:00:00Z,Success
DEL-1228,36e318accf52b0a9bf0b4bad,40f75345925c9d2aef21d1d3,84281fbd54e19dd7e35b29b3,delivered,2024-03-01T09:00:00Z,2024-03-01T11:00:00Z,Success
DEL-1229,35db62ef673cba63b0e2739e,beb404ba45df570483e56664,2d05b27be5f8424770bfba7e,delivered,2024-03-01T09:00:00Z,2024-03-01T11:00:00Z,Success
DEL-1230,6b5328f52866315f95df8339,dc91b0f029ec2538e481e308,dfe052cea96d13c06b45e860,delivered,2024-03-01T09:00:00Z,2024-03-01T11:00:00Z,Success
DEL-1231,b9629fc572ce51d9964085e2,0643cc64bde929e6ca2799ea,5597255de07ba64ac788fd17,delivered,2024-03-01T09:00:00Z,2024-03-01T11:00:00Z,Success
DEL-1232,47ea7753fd3912688045626b,324497e6bb3e8d8243f34e73,e33dde71bfafe9e443eb233d,delivered,2024-03-01T09:00:00Z,2024-03-01T11:00:00Z,Success
DEL-1233,53c1c35385411b0555408b9c,11e110f7c02a5a8017d27b3f,9c665e295497c271339155fa,delivered,2024-03-01T09:00:00Z,2024-03-01T11:00:00Z,Success
DEL-1234,148c442c7a8ee5a19a8d067a,b794e8e365cd11bf339a835a,a2a89d23d54a27e5ef08363c,delivered,2024-03-01T09:00:00Z,2024-03-01T11:00:00Z,Success
DEL-1235,333ed5b5ccce1762010b1cf7,b57fc3a2583beaee26098240,46db606d33d0d0d5cfe5ef41,delivered,2024-03-01T09:00:00Z,2024-03-01T11:00:00Z,Success
DEL-1236,2bbeb580b2c0acf08c1f3bd8,8e6e4a5216e7c741d5d162ab,e793c6c73289531cededfb09,delivered,2024-03-01T09:00:00Z,2024-03-01T11:00:00Z,Success
DEL-1237,4f1d7d52087516a9c5d506bc,14e2c8b0f38bc8b0c9c4d420,d5a74bb28db525a1bd22bf43,delivered,2024-03-01T09:00:00Z,2024-03-01T11:00:00Z,Success
DEL-1238,750cb72dbb91df822f3f0e1b,a3cfae76d1a7bed2e1ec9627,403c36401b347b7225f98d8d,delivered,2024-03-01T09:00:00Z,2024-03-01T11:00:00Z,Success
DEL-1239,93a60280cdb75e942f6ce9bf,a353ca9d3093753e659a3b79,8221b3911871a0e9bc37eb0d,delivered,2024-03-01T09:00:00Z,2024-03-01T11:00:00Z,Success
DEL-1240,0adfc1d3327d1c87a3d51516,601344cd941d4ec7dce76878,92794b322df31dd1374454f5,delivered,2024-03-01T09:00:00Z,2024-03-01T11:00:00Z,Success
DEL-1241,eafb18fab22b11430532cee0,3b2cf56ea3527d5c6d17be9f,ef75eee6a1ae33aede346968,delivered,2024-03-01T09:00:00Z,2024-03-01T11:00:00Z,Success
DEL-1242,969ef40db8ef9beb01f674b0,64449f3c2c84eaf0f4d70bf6,2dd1ed3cea2dffa324e82420,delivered,2024-03-01T09:00:00Z,2024-03-01T11:00:00Z,Success
DEL-1243,cd5922347d92acea2fa4239b,df4cb40e60357e6532d55d5f,b8dcc273b889f5a7062fa266,delivered,2024-03-01T09:00:00Z,2024-03-01T11:00:00Z,Success
DEL-1244,95bc7e4b933284eef321713f,4c67d1c94a5ad3310375d569,0b5f8cc743d9eba586028863,delivered,2024-03-01T09:00:00Z,2024-03-01T11:00:00Z,Success
DEL-1245,66ff718dd0c4a0e8aa4c5a39,0884d62e04ccdd6dbcb174bd,3d212f7a5ddbee44360b86e2,delivered,2024-03-01T09:00:00Z,2024-03-01T11:00:00Z,Success
DEL-1246,2d69173900647d821f797789,383c6d8d342daa0f46d0a297,118b5e9be24e39d0231e541b,delivered,2024-03-01T09:00:00Z,2024-03-01T11:00:00Z,Success
DEL-1247,9a7b3b388ae9c8015098ee4d,8f0c4a8efa32cfda3e262c5c,db28702e6f745d46685e4474,delivered,2024-03-01T09:00:00Z,2024-03-01T11:00:00Z,Success
DEL-1248,4e3e763277f24b0e36f78201,f075c516217a185be2976336,c25b8e97350fdf7e1c7647c8,delivered,2024-03-01T09:00:00Z,2024-03-01T11:00:00Z,Success
DEL-1249,9511f8d5a4acc71dd8d432b0,bfd72eb7091194d213938305,2d83207371c780400f4258ce,delivered,2024-03-01T09:00:00Z,2024-03-01T11:00:00Z,Success
DEL-1250,f8093ee923e7a993822b88dd,6fb1afbb89e256ba0b2fc438,a90c484d1eb19d50fd5fca3e,delivered,2024-03-01T09:00:00Z,2024-03-01T11:00:00Z,Success
DEL-1251,9e2677820766bea073573bd4,2debf4195f42a68030ed78a5,3febdafbbca4ce4a1b4e7fa2,delivered,2024-03-01T09:00:00Z,2024-03-01T11:00:00Z,Success
DEL-1252,c50120b651e02cbc16288504,65050d6707e817d837419706,d1829419512e182e7dde2866,delivered,2024-03-01T09:00:00Z,2024-03-01T11:00:00Z,Success
DEL-1253,7b8ad82abb006c1d35e69de1,8fe2a80a4a457c0db9874f9b,c54467507a2eede80276943e,delivered,2024-03-01T09:00:00Z,2024-03-01T11:00:00Z,Success
DEL-1254,75255a064145a17ac02fe4fa,e8f0093f79f9bf3755eef797,228ff752d58239d34040aa8a,delivered,2024-03-01T09:00:00Z,2024-03-01T11:00:00Z,Success
DEL-1255,81e1844005d587c89787fc57,4365bd5f9091689a260bbc19,ddf47a0b347f843b42197c77,delivered,2024-03-01T09:00:00Z,2024-03-01T11:00:00Z,Success
DEL-1256,a953aff79311c4f3e348d1f7,f879d96ddf1bf631372a1c76,f3bb0490e8ec07d2d794af8f,delivered,2024-03-01T09:00:00Z,2024-03-01T11:00:00Z,Success
DEL-1257,c05ffac20da38212cd6e6034,6b6fc50467cc2f5ef167ad44,9192d4867fbba054f00d877d,delivered,2024-03-01T09:00:00Z,2024-03-01T11:00:00Z,Success
DEL-1258,4b2154aa314c7dcd768e9775,be0e1c3da58c0d5b74e24eb2,d671e6deaffabf0b382be072,delivered,2024-03-01T09:00:00Z,2024-03-01T11:00:00Z,Success
DEL-1259,3653fbd388fbe1d306333ecb,b07aab30243d13978ae6a386,9a96056dbcadb4eab7398a81,delivered,2024-03-01T09:00:00Z,2024-03-01T11:00:00Z,Success
DEL-1260,421c58ba1d070626c1bcb91a,41c44a2687e8992cd7c4f788,b773317cd3798233382b6562,delivered,2024-03-01T09:00:00Z,2024-03-01T11:00:00Z,Success
DEL-1261,9534020a3cb1a466739eea94,127db220a99c50eb0f8eecea,ddcc12270ef06f4bdf991d32,delivered,2024-03-01T09:00:00Z,2024-03-01T11:00:00Z,Success
DEL-1262,591aaf4731235c8c7a278b4b,196ae4931a833a47ec0533ef,ec12f2a8d3fc6bfb569772f5,delivered,2024-03-01T09:00:00Z,2024-03-01T11:00:00Z,Success
DEL-1263,e25f7a1bdac85a5c11d3efea,03bb4d9b13acc0c2572870b4,a49743889a216d712f6e2364,delivered,2024-03-01T09:00:00Z,2024-03-01T11:00:00Z,Success
DEL-1264,6b50434ff8457e50d3d7e7f9,f43dfdcc1598e9f772e90e74,747881de30696c204eef2e37,delivered,2024-03-01T09:00:00Z,2024-03-01T11:00:00Z,Success
DEL-1265,4e5756f8c994ed47a7c9e701,f02654f154c625b127792e5e,e75d1abeece1f2370328882e,delivered,2024-03-01T09:00:00Z,2024-03-01T11:00:00Z,Success
DEL-1266,1fd9934b3d23394b53d137a9,5f9b8f9185517ccf24e006c3,cadf7d385a850937820ca771,delivered,2024-03-01T09:00:00Z,2024-03-01T11:00:00Z,Success
DEL-1267,191ac30d79d659c18b8a3404,4ee90128a7af80fd304b5cfc,425bebfbe578e860414931b1,delivered,2024-03-01T09:00:00Z,2024-03-01T11:00:00Z,Success
DEL-1268,9afcf20b733273ee915e8d73,8125b8d8280d17145b1f6fb3,1e68065b56f7f33bf04ecd03,delivered,2024-03-01T09:00:00Z,2024-03-01T11:00:00Z,Success
DEL-1269,332c2aeb0db3e6e2ae860e0d,369bd234b52b88c46a6c224b,c4a06c0b546926241b9bd255,delivered,2024-03-01T09:00:00Z,2024-03-01T11:00:00Z,Success
DEL-1270,0767a023e331175b200202f9,60e810cfa3d5e1d2201c8566,7623333a4d656766ba974d31,delivered,2024-03-01T09:00:00Z,2024-03-01T11:00:00Z,Success
DEL-1271,ea44e1bf1526e8ce3f79da84,eb9169a1f1c1d755773e0bfe,d24c50694e7593f09c2f622f,delivered,2024-03-01T09:00:00Z,2024-03-01T11:00:00Z,Success
DEL-1272,af4315132a319b6cb07fdb02,20344be1b5a3c31e363b1361,60178cb638d7f96ec7a1594e,delivered,2024-03-01T09:00:00Z,2024-03-01T11:00:00Z,Success
DEL-1273,63c05552317294de0de6c065,8a7f89b5cbfa1e08c1b161f9,372de1d0ff30a9c36ad163c0,delivered,2024-03-01T09:00:00Z,2024-03-01T11:00:00Z,Success
DEL-1274,ee8fdafa9e81053b3bb435ef,6383839a9ac2adaee430c6b2,5a75dd3562cf0075f890fa24,delivered,2024-03-01T09:00:00Z,2024-03-01T11:00:00Z,Success
DEL-1275,2d4d9a4c9f300de8ab52fa46,24d2b54024e609d257a93ef4,a753f97958086684ec4fa9b0,delivered,2024-03-01T09:00:00Z,2024-03-01T11:00:00Z,Success
DEL-1276,64988f2128f122c12af26fc4,4c6ba9f5918d3761b4a6f4ac,f5cdae18803aaae747006d51,delivered,2024-03-01T09:00:00Z,2024-03-01T11:00:00Z,Success
DEL-1277,12c69992ecaed2c0c832e0ba,201f970b2dfaa22f526bfca0,7842e15bc1e6140f8cc3994d,delivered,2024-03-01T09:00:00Z,2024-03-01T11:00:00Z,Success
DEL-1278,94c94665fe4d6ddfc5166c2a,c21f1ec6d9d99879621946d9,d2b53b4f9afc8ec1575832d2,delivered,2024-03-01T09:00:00Z,2024-03-01T11:00:00Z,Success
DEL-1279,9f45ffd8eeaf2ec7df3c8f22,be130ca2eecc58a18fd518e8,ab04d442ccc23dc9580c33d1,delivered,2024-03-01T09:00:00Z,2024-03-01T11:00:00Z,Success
DEL-1280,2f33f8f54da0e12f24b5410a,42bc06d97ee868132f3e2481,865f79eb06904b8a3c6a0d56,delivered,2024-03-01T09:00:00Z,2024-03-01T11:00:00Z,Success
DEL-1281,bbe894eb5cecff706a3217e6,4dd51c6d6428ae59125a9a6f,93d2257ca5582fc6f67c6412,delivered,2024-03-01T09:00:00Z,2024-03-01T11:00:00Z,Success
DEL-1282,7ebcae33e7d26b26710a9645,49f0e3ca115533a9c1f8a8e8,9c0f1ea649e1703439480c20,delivered,2024-03-01T09:00:00Z,2024-03-01T11:00:00Z,Success
DEL-1283,7c94829e96927a571424ff78,a2232e87ebb6b5ece72825e0,6ff2c69535b87db7bde7b41c,delivered,2024-03-01T09:00:00Z,2024-03-01T11:00:00Z,Success
DEL-1284,fc5b5e7a75952990ec79de0f,79ef8843ad8243e36d604837,bfe4e87ed1979eaba8d9750f,delivered,2024-03-01T09:00:00Z,2024-03-01T11:00:00Z,Success
DEL-1285,827a5032456d2b32229142c5,7dc6185237e8ede7a574d933,de09f1c63e4e227a4d3334a1,delivered,2024-03-01T09:00:00Z,2024-03-01T11:00:00Z,Success
DEL-1286,760ce8fdb56714fc6b220d9c,b6fe7003fbd2ab2460caf376,a34c58304cbe2d2a93e83630,delivered,2024-03-01T09:00:00Z,2024-03-01T11:00:00Z,Success
DEL-1287,41f610b84f29e3a9cc9de519,7a16a14c5929405713556128,765c89a7c9a84f4c49cd65f2,delivered,2024-03-01T09:00:00Z,2024-03-01T11:00:00Z,Success
DEL-1288,cbf551e082626b8e890bdc3f,a242f6326b1d32ffa5fe0dcb,263a72a64b1286e7baf0b11d,delivered,2024-03-01T09:00:00Z,2024-03-01T11:00:00Z,Success
DEL-1289,d942f6331b848bac226ac2e6,ffb427743cb91a5dc113994c,fca8b953f369ba6b53c75382,delivered,2024-03-01T09:00:00Z,2024-03-01T11:00:00Z,Success
DEL-1290,12d752590ec5f5a9f24914a8,adbc2168de12e1ce2174ac83,6e5b05a3a63f8d41a92f027a,delivered,2024-03-01T09:00:00Z,2024-03-01T11:00:00Z,Success
DEL-1291,ecf97e8078598d79a4c6d09c,a9ee97d247733afd45f3d335,70d9233b9dae2352e6bad919,delivered,2024-03-01T09:00:00Z,2024-03-01T11:00:00Z,Success
DEL-1292,e22e0a52f815559e97e6ba8e,9f93e0696453b9d663eb4fb7,7fbde7bb0179921d13a174f6,delivered,2024-03-01T09:00:00Z,2024-03-01T11:00:00Z,Success
DEL-1293,61ae4ae0754930497c3828f2,b926710247d100ea43bbad8d,b4a0207ad41d1473e100d8e6,delivered,2024-03-01T09:00:00Z,2024-03-01T11:00:00Z,Success
DEL-1294,c27d3f815a8748ea44bd72ed,9dab3d799e0b4cc08b671c55,1ab7a70a6b2caaea5a68c1bf,delivered,2024-03-01T09:00:00Z,2024-03-01T11:00:00Z,Success
DEL-1295,0591ecd9e063689c52b58894,6196d75aa15b1dedb5f43287,0186e04ef1647e82a3caeb92,delivered,2024-03-01T09:00:00Z,2024-03-01T11:00:00Z,Success
DEL-1296,0b26b67c8c7b2f7dfcee20a8,e155e23703274a618e488e6f,60e2998fe405c182f13b274c,delivered,2024-03-01T09:00:00Z,2024-03-01T11:00:00Z,Success
DEL-1297,239d42ff486dd908bb5e9aeb,47b8402d0ffe3b6a0219279b,934a3bd53f85e268056de473,delivered,2024-03-01T09:00:00Z,2024-03-01T11:00:00Z,Success
DEL-1298,85d95068d8593bd475323e89,5dfc3d5ef84f81861373b661,180d1150674c3cdaf9f81590,delivered,2024-03-01T09:00:00Z,2024-03-01T11:00:00Z,Success
DEL-1299,706054e51272b40460b90c72,8832c26d246f39efc6d3498e,6d4c049484b71dc548471b6e,delivered,2024-03-01T09:00:00Z,2024-03-01T11:00:00Z,Success
DEL-1300,ee92ad682e3024c6af309fbd,a0ab1034def43a5478c5ca84,66c91e1a6f439ee6a049b468,delivered,2024-03-01T09:00:00Z,2024-03-01T11:00:00Z,Success
DEL-1301,c01bd006cdd42ea510db2d65,1103dbaa37bd22bd5fc4753b,9564ed54b84ddc4e81669776,delivered,2024-03-01T09:00:00Z,2024-03-01T11:00:00Z,Success
DEL-1302,b97deccb8b0966e748bc66b1,474c5543ed13c7ba43afbe89,393eb2accd1f4d029c0199e6,delivered,2024-03-01T09:00:00Z,2024-03-01T11:00:00Z,Success
DEL-1303,c6f537dc8b006a57de33ac53,6bfa23cb7978122b6bd29659,d27157f74834dd2e1946072e,delivered,2024-03-01T09:00:00Z,2024-03-01T11:00:00Z,Success
DEL-1304,7337ebb3fd40a7e9cd47f6d3,ab339427d3540c340d0f498c,d48954c18a0f0467fbe75167,delivered,2024-03-01T09:00:00Z,2024-03-01T11:00:00Z,Success
DEL-1305,ee66cf650c0cb77993f4bed7,e5fdc4511a67f09d070dc8f7,710f8ce7a033363feeaf6f13,delivered,2024-03-01T09:00:00Z,2024-03-01T11:00:00Z,Success
DEL-1306,25f067bbc5158f61720bc130,655598f5c19351fa0138d59a,6bb60a43817d407e3d435b06,delivered,2024-03-01T09:00:00Z,2024-03-01T11:00:00Z,Success
DEL-1307,b4477d13d292da1366ed2e34,55b8bfabef5b45b24e881976,90b1a3e4ca5bd8bc8f7ba802,delivered,2024-03-01T09:00:00Z,2024-03-01T11:00:00Z,Success
DEL-1308,3b96c8d5218c9e74ac65926e,b93afe86b76df67dad2c8a13,9e16f2836da040b734c2575a,delivered,2024-03-01T09:00:00Z,2024-03-01T11:00:00Z,Success
DEL-1309,fabc2ac391090b13d574e05b,1c815c4577c8381e91269b98,0876fbd47c2b02f5f58ed8de,delivered,2024-03-01T09:00:00Z,2024-03-01T11:00:00Z,Success
