_id,user,firstName,lastName,phone,city
5a9ce24f39ce1e53e5e3c2c3,a516fbb54ae9923f6c485e76,Volunteer,1,555-0200,TestCity
aab39aedb7603daa8049e8b2,3656b5ef55845c4e33277918,Volunteer,2,555-0201,TestCity
ec3c61c8bbab45d17d25e103,7d2af117f11af17081a9a0d8,Volunteer,3,555-0202,TestCity
1240a369a5aeabf2fdee18dc,8b797ea0e26b3e2b25e9c61e,Volunteer,4,555-0203,TestCity
10d535621bea1d02fcb34dc2,a7bc1f78ca772e3e8c6f28c1,Volunteer,5,555-0204,TestCity
6668cf6006fc0f7a82ea6fa1,1a73e58f5b90549349ec34ac,Volunteer,6,555-0205,TestCity
7dabcc11bd2f641382bb6024,8df93225d3a8687c3f3af5df,Volunteer,7,555-0206,TestCity
6c805d927dacfda08eab4653,210015d8416635932f94943f,Volunteer,8,555-0207,TestCity
bc4c33acc589ce12390d51ad,47619dd64dcf61bcf443aa0e,Volunteer,9,555-0208,TestCity
9b06eda0c3b636c1ada9df31,280575d4c4ee3b150e595610,Volunteer,10,555-0209,TestCity
4c9d84bcb658dccd74bf53f6,5832851a648ced8dcc587561,Volunteer,11,555-02010,TestCity
be868c9f152c5c89ac5d0fba,0be6ff5fd91a7e62a64f9856,Volunteer,12,555-02011,TestCity
a05566c1743954534426e99b,8b656b6fc889713ba2215dae,Volunteer,13,555-02012,TestCity
e7e7db59c058b0649875b591,35d9311e0b758a59bd2d7790,Volunteer,14,555-02013,TestCity
79b351734949bb8c9a029781,68712de056b20b06ecff07ce,Volunteer,15,555-02014,TestCity
eb4ec17274c5d3b8a956cdad,cf090c301c2c42479604391c,Volunteer,16,555-02015,TestCity
82a70368f510635d12652e78,e6a82ecda9e025c6b5c20597,Volunteer,17,555-02016,TestCity
34cc12dbad0ef4e685fd5af2,7143166e1b215fe8cde79195,Volunteer,18,555-02017,TestCity
bcce8ac6e37fae6b17704d10,55dbe1a7611216c925877c2a,Volunteer,19,555-02018,TestCity
9d0bdd7eee17dc24992ddff6,a2bbd4754d2b9fcafd20bc98,Volunteer,20,555-02019,TestCity
2484deb2fbaedaae98b54c30,b8e31f676f768b0f45e37e22,Volunteer,21,555-02020,TestCity
a25a27eed872bbceaf897d18,86645af0a7690a3c43f2fea9,Volunteer,22,555-02021,TestCity
699c323ac274f3496fba5621,83126715f1ef95888228f433,Volunteer,23,555-02022,TestCity
9f64142063b04b362870e161,be0322cf7ca86ee2fdb4bed6,Volunteer,24,555-02023,TestCity
f1b7cf4442f162d4f81bee31,800f1a0232f65db3855b84fc,Volunteer,25,555-02024,TestCity
9463ba98fd539acb6a23654b,10f78f49d06c0e397894fd5b,Volunteer,26,555-02025,TestCity
465eecb8a90d9f8cf584b74e,debea7026618e41249f8746b,Volunteer,27,555-02026,TestCity
bebd493891c401880b1713ce,c0aeb45344092e42dad09767,Volunteer,28,555-02027,TestCity
0ec7f750e1ab2c5abfc0aa00,d2c58bf843b74b0a25b0b6a1,Volunteer,29,555-02028,TestCity
2525cdc3cf196f431322c38f,b46f97b74aca996ef6eede81,Volunteer,30,555-02029,TestCity
f256ccac05955be086e2ce30,bea208495c3dfee34eecd602,Volunteer,31,555-02030,TestCity
c8ce0e0155bf9739b9daa113,49d991bf5dee221b46bc3765,Volunteer,32,555-02031,TestCity
f11ce96df2e674e515a56b8c,b2242b74c0188b33eec6ce41,Volunteer,33,555-02032,TestCity
8e853110018c35b9140ee056,4acb9bd74aed63872964b680,Volunteer,34,555-02033,TestCity
a4503edc407c2323a93129ef,fd5d12ce7a9d8128101bcfa8,Volunteer,35,555-02034,TestCity
78c66a3273dad93f43d61037,e69ff4da28586c70e33dc76d,Volunteer,36,555-02035,TestCity
530642949b9461bc3baac28e,c19015ff65203bfa3a5d2dae,Volunteer,37,555-02036,TestCity
755d5e9d837a84cf7f5b53b8,61697e10202c01732a9cec11,Volunteer,38,555-02037,TestCity
b647179a85ad73c262351f9c,076c23e5ee1b55f6e23b2c89,Volunteer,39,555-02038,TestCity
e07dc5cde70b5ed86dd42d8e,8639a11639ddaa3175bcdc22,Volunteer,40,555-02039,TestCity
a96f6360d9f6f6442e69a7c1,82dc0a44a78cea3a39d8df76,Volunteer,41,555-02040,TestCity
664bd33a428af8540738f23b,e83d9849b5357aa7f97a96a6,Volunteer,42,555-02041,TestCity
f87c59be066cf4ac6d690fe8,a924ad35677f8bff732978dd,Volunteer,43,555-02042,TestCity
f00d6f8b1cacf52a9b62eecc,f0e8fec8bfad08a2e2f9e75e,Volunteer,44,555-02043,TestCity
cfe466ee5e884c35431424da,cba173ac0a6764209ecb28ea,Volunteer,45,555-02044,TestCity
900c40e2fba641634ff64c81,96dd52bb25941ef5b2919d43,Volunteer,46,555-02045,TestCity
53643aebbbeea514b80311c2,80b8147267a909cd778b5b64,Volunteer,47,555-02046,TestCity
82c1701df2a73d9ce092e26a,bd425333ae10e37fe94cc63d,Volunteer,48,555-02047,TestCity
d52964ae5f4e22c0fea9aed8,cf58786dd137ec09009e9961,Volunteer,49,555-02048,TestCity
d49cb76ccaefb654360eac23,5e8bbb45259481c902e6a9f5,Volunteer,50,555-02049,TestCity
367622967601aef60eee093d,72dc63d4ae4e3f9ce4c7130e,Volunteer,51,555-02050,TestCity
8cd088b13136c7e36aa32033,4d01a43ff5662a99c203692b,Volunteer,52,555-02051,TestCity
aea6b754d58286821302f97b,a121d5a68a53bf80f2191795,Volunteer,53,555-02052,TestCity
801d924500b536f3e077eb0c,fc5566f236a928a1466e7aa9,Volunteer,54,555-02053,TestCity
af7912cf4e9c3cf554e07d88,1553f77b7a8de8470ad186f4,Volunteer,55,555-02054,TestCity
b3b23e74f9c36f2027ec940d,989d524b6586297c4f3aa5bd,Volunteer,56,555-02055,TestCity
6af3b291290a5622992b23ba,129b03b1fd5e71098dbeb2ce,Volunteer,57,555-02056,TestCity
71a466554a0625e299fc1f7e,84e336b56ad9f34a222a2204,Volunteer,58,555-02057,TestCity
38a7a125c34ad361b132fdb8,33beb73bb03893cd42698e0f,Volunteer,59,555-02058,TestCity
1d1252b4011b08048c1b779a,84b817659198268ac7a221ca,Volunteer,60,555-02059,TestCity
b70e082b7393baeca6dde8ac,3bd9baea8834efcd46e69550,Volunteer,61,555-02060,TestCity
dbe9a6970ad0555b57466a50,02d222dae2eeb2d1450ca4bd,Volunteer,62,555-02061,TestCity
7b15bd7b42e5589440ef1719,3eee96ac64a43ae4ab4c33f4,Volunteer,63,555-02062,TestCity
4dbfd4121966d777d80c7320,e4d1b9ad2060619ab30946c6,Volunteer,64,555-02063,TestCity
f44c0203450a87357e72acc0,8c1d100830aa5e412fd581b6,Volunteer,65,555-02064,TestCity
549cacf540ed9a0811ed3c98,1da88337a5ff000a197efc12,Volunteer,66,555-02065,TestCity
aff4f3d22fa8ef633a188bbc,37807b7c45034fcd608b5eb2,Volunteer,67,555-02066,TestCity
d544e6ec5cfd93846bcb15f0,92fe10462a18b45afce5837c,Volunteer,68,555-02067,TestCity
7561db2943ffe539df53e9ed,d019aefbc4dc9d6c73552728,Volunteer,69,555-02068,TestCity
becad726f7d48fe9831f715e,fa51d150bd0d4da60edfa253,Volunteer,70,555-02069,TestCity
91009459a30157d668d72372,3cbfaf8f2cc73605022a41d9,Volunteer,71,555-02070,TestCity
0967eea57b26414998bbdfac,1d5dae2e625ce0a499f04e25,Volunteer,72,555-02071,TestCity
ae7050308a865e4a8f8383ce,27dceb7a222d1e4d07b15d9e,Volunteer,73,555-02072,TestCity
dfe587bea45f357d8eb93b0e,b8778650b90f654b35176e0b,Volunteer,74,555-02073,TestCity
80eb04e144effd18ca382b0c,6aa076396d809d5c054a2405,Volunteer,75,555-02074,TestCity
184ca38ab58d8bf57440cd93,34d70edc783233ffe6aadfb8,Volunteer,76,555-02075,TestCity
0f5e065f5a4e277c2cdb8edf,cc7351a36498f31d4a37e80e,Volunteer,77,555-02076,TestCity
670b4fde7fd76a898fb7cd9f,3d3179e38eae9810c38c619b,Volunteer,78,555-02077,TestCity
7bfddb14aa72114200aa35c1,9a85f7c8643e46cee09f0f71,Volunteer,79,555-02078,TestCity
faba95c217f2a161bab828f8,95c5e7ad7c696cb28db73b7c,Volunteer,80,555-02079,TestCity
829e4cd9e5db1134a60c619c,0e7d66fb4d155e0326789e85,Volunteer,81,555-02080,TestCity
326040c284e142aba7a1d0ce,6f4a86fc176794138fbd22e9,Volunteer,82,555-02081,TestCity
e7931fa81fe662057f1de088,bf8783da5487d4a338b2a44a,Volunteer,83,555-02082,TestCity
1ec368ac64629d3f95cd3774,87cf509e9479f099c9866936,Volunteer,84,555-02083,TestCity
8fb966cde3e139ddb49654e0,8fec510d6ac77a48b5c50a30,Volunteer,85,555-02084,TestCity
333b16e7eba105f90e188944,d92d3acd11b5dbe5e7ea319d,Volunteer,86,555-02085,TestCity
39e2fb3498134a72606a3143,d307e002d574cf7412d8b0c0,Volunteer,87,555-02086,TestCity
dbe8d5653e1fb7830ce97a56,a5a5d83938a152743e780512,Volunteer,88,555-02087,TestCity
70946f178050b2e5ea565af3,3b2913e66f42932ced961d6a,Volunteer,89,555-02088,TestCity
9f49bdf87c49498172724e74,a58520b0898e93c769aeaabf,Volunteer,90,555-02089,TestCity
0089dc8a93ab5cd6adf38479,929e97f940938b9059a5b122,Volunteer,91,555-02090,TestCity
9cb50b1cb280b6796d12ab5c,3cb82bdbdc28a861b5291bfc,Volunteer,92,555-02091,TestCity
8a78b26714ea6f6f46fd3666,c89cb3bb7032cbeb84e431ca,Volunteer,93,555-02092,TestCity
f3372452fdca0d093d45cd83,4bcc42db8c2aa5a0874ec92b,Volunteer,94,555-02093,TestCity
da08ca2d347b481cae6a6af7,cbccd58e38b1405eb3093412,Volunteer,95,555-02094,TestCity
b8338b677d3927fa5ed2e3e8,b6c4941edb961313dcde0c34,Volunteer,96,555-02095,TestCity
6ef0525663befc28b4ce58a0,af05abd3f661984d208db37a,Volunteer,97,555-02096,TestCity
b1886846021aa7d2fc542e6c,1e9a262d62af3f8a7ae76019,Volunteer,98,555-02097,TestCity
7c79f233fa008b49640a0d73,b062570f146fd294b1c4d472,Volunteer,99,555-02098,TestCity
0d8cdc258ef9fdccec425ce3,f5ef562d588d9be5874ece31,Volunteer,100,555-02099,TestCity
da3932abdc99af9cd29dafff,f842daab085e6eb31c9ff83b,Volunteer,101,555-020100,TestCity
d09f2e161d2f916f301b5b1e,44b1ebbdb91b8a3b5b1370e8,Volunteer,102,555-020101,TestCity
66cb85a02e3347a99a916f18,9c2a05ae99ed7b8baa25c24a,Volunteer,103,555-020102,TestCity
7a50ee239e62b2432583c419,f265600656649976235cd7d2,Volunteer,104,555-020103,TestCity
ccd3215d29d0934bc712dd8e,1da41593f853f8117f5e0383,Volunteer,105,555-020104,TestCity
8d8f4414a29f91d77301c8db,dc7cb8df1c5259e20c999096,Volunteer,106,555-020105,TestCity
8218c05440d4cec7fba57dd2,7bf8d1b2dfeb66fe5def1233,Volunteer,107,555-020106,TestCity
bcfbff08b433884121c4bd26,e26939cc581e85521f57a6a0,Volunteer,108,555-020107,TestCity
1bf04c32a7af27aacd0318d5,80ecfbe2231913f67ab6d26c,Volunteer,109,555-020108,TestCity
08eb86e9deace88ffcebb241,8d0c56941a82f69b8b16751e,Volunteer,110,555-020109,TestCity
b4befa8a21ccb62dca860486,1dbb123055c88bf214dbddf8,Volunteer,111,555-020110,TestCity
9414800349648f493f18e49f,d26cb511c71b60417746d503,Volunteer,112,555-020111,TestCity
0ef915fdb493e72584e70dc1,dc7c546d54971298668deed7,Volunteer,113,555-020112,TestCity
e95d7a6b2a9ae0d93ce6383c,06506e4ee08db102c90cf33e,Volunteer,114,555-020113,TestCity
1ab275632979219e44e6c322,03852e27e7315908f2993f8c,Volunteer,115,555-020114,TestCity
b580e36572dde8dd7cc0b386,1138b077772335e9fa0c8afa,Volunteer,116,555-020115,TestCity
5b7c1b910585edeb66a40afe,0906dead642bd5c7d4861278,Volunteer,117,555-020116,TestCity
3106c35fc6edf5f38d73a421,74d1c7f62cf7d23804d34aac,Volunteer,118,555-020117,TestCity
b78ce8da83fd2bfff47cb043,d390d8007c145fcc99f641d8,Volunteer,119,555-020118,TestCity
15fc65ad9505999cf728f1ba,5f1724c2d9147a15aaf779f5,Volunteer,120,555-020119,TestCity
22191ef24cb1c249d2828322,667838f098362c6375f19236,Volunteer,121,555-020120,TestCity
1ac17094184c5c2c0bb7d628,a4cb6e2936d79713cd35cd34,Volunteer,122,555-020121,TestCity
da29eee8686a277f5629ab49,81f62058c46c1a7732a32982,Volunteer,123,555-020122,TestCity
9506253adcd67ce7051e9a36,ada72545911ee0993424ac36,Volunteer,124,555-020123,TestCity
95ff702a8364d3dfe50771a2,b099e31523fe7d45c8b92b9a,Volunteer,125,555-020124,TestCity
16f298bd06a92f6fc18ee6e0,d266212cef58cc06e0d3a869,Volunteer,126,555-020125,TestCity
5c31efed19321b7c07f79ec4,cd805fa38651b171c2401051,Volunteer,127,555-020126,TestCity
4d66c328bb536f443be83010,384716d0ae8439a15a1a675a,Volunteer,128,555-020127,TestCity
01e8b54a6b2684bb9f2f325c,17ca7ad06fd00b1baf606dd1,Volunteer,129,555-020128,TestCity
1c6c424d5c5b23102832a880,a55fbec1c19dac749f60417c,Volunteer,130,555-020129,TestCity
623f124d322c4e1f3719765b,7258e629dc4481b362a30fbe,Volunteer,131,555-020130,TestCity
a1a45c6511ccf70dcee7f0ba,5466a4e4e2c98d9904aadd8f,Volunteer,132,555-020131,TestCity
fbf97c83347c0bf66eda5967,87fc7e98c487c097689a36bc,Volunteer,133,555-020132,TestCity
67dc05fb9e75ddfb6cc1ed24,cd34411b686ca0f50290c62a,Volunteer,134,555-020133,TestCity
f488126d1ee7c5080be6db78,cca4ce98c3bc8b8e026d1fd0,Volunteer,135,555-020134,TestCity
a7c1772feec5caaf53f16aa3,9d5c4566a63e993e7632d81c,Volunteer,136,555-020135,TestCity
f2fcbdd8e3f0a8d3c542f3ad,7a1a0a3e4e17cc9d5f252e23,Volunteer,137,555-020136,TestCity
25c800fb636b38892135fbe7,e32419d5ab865248d1b3e24a,Volunteer,138,555-020137,TestCity
941b613c2cd736e7a3851032,ef0ee121001b84ed6737ca84,Volunteer,139,555-020138,TestCity
e574057e610d4f892b6587ca,cb5a438dc7e3a614500acfdf,Volunteer,140,555-020139,TestCity
1fc2eade22ac389547f192ef,5ff2896a3e868007406c9bd0,Volunteer,141,555-020140,TestCity
fe4dff1b43062d024ea6c5cc,bb24f8443e194a6e1561c597,Volunteer,142,555-020141,TestCity
309bcf7baea1d21da9c959ad,8a244dd9159b7b17c416eb8e,Volunteer,143,555-020142,TestCity
ce03c19351e22b9d6a77edda,dbc7a1b1d2c23af65b4ab84d,Volunteer,144,555-020143,TestCity
6bd1f659c06c57642ac43c3f,8149ee8624ca2532b70861f1,Volunteer,145,555-020144,TestCity
0c0878671a99571212a2d393,6d42b49875fe252b688c5329,Volunteer,146,555-020145,TestCity
0d3508f58dbbbb4f3541c98f,28665ce2654c1e8a79a2382b,Volunteer,147,555-020146,TestCity
320e4f85e03a6b1547aad7d1,aadd213a3ddf2cc2c8072f1d,Volunteer,148,555-020147,TestCity
6e8ac7adebe6e7b819455512,36afa7639368fc0de09d3b26,Volunteer,149,555-020148,TestCity
15bd67bc93e07561031277ce,99aaa8ade2542f1954c45a62,Volunteer,150,555-020149,TestCity
f31f23cd922e1e97b7517535,533ff384b39b1479839cd27d,Volunteer,151,555-020150,TestCity
57e977cd83a099747ad0335d,9a448528699388c367797149,Volunteer,152,555-020151,TestCity
728e395fbb4afbb8909bfd48,f63d20f9a744aeba1e8267d9,Volunteer,153,555-020152,TestCity
a0c22830672f7d450e1e08ab,59fc02f52f7f74fd73609dce,Volunteer,154,555-020153,TestCity
52f3b1386a067c6063e27c76,5c35c70bb137e6c85970c17f,Volunteer,155,555-020154,TestCity
21be78558588cf454821f479,3af96052cf44f90162c8103c,Volunteer,156,555-020155,TestCity
8ecd4ab1f441ae22811c89a1,4697b69292670b0dcace9f89,Volunteer,157,555-020156,TestCity
e11fdabc75ebd249707b951d,0a357605f6145c9be62fe0ca,Volunteer,158,555-020157,TestCity
4d126694c9a3accec7e16705,c70e56c31f3a5812d513106e,Volunteer,159,555-020158,TestCity
e5f34154257422d7f7258622,d75d9e5c29b3a5b4096ed536,Volunteer,160,555-020159,TestCity
f09d19389f06a1fc647f5cb8,7918522d0cc0aa828be3edd2,Volunteer,161,555-020160,TestCity
7817ec2002b0b0bef550aec2,f78445d6bf55cae3bc592f56,Volunteer,162,555-020161,TestCity
cc1a93ddeb7c8174b0619185,bb6940e3d484a4ed39beee8a,Volunteer,163,555-020162,TestCity
ef3dbea6be80025a04c70405,72c77423df3e6a931787e616,Volunteer,164,555-020163,TestCity
dab9cdf48b5df1a029564bdb,b4f642ecf5cb55ff2a3a4aed,Volunteer,165,555-020164,TestCity
e7e54d34a12a557ab551e3d6,c3831b85c81559decc5ed6e4,Volunteer,166,555-020165,TestCity
bb171374dba4c3323c87f8b5,0ee0011cdb33ae1bad62aa98,Volunteer,167,555-020166,TestCity
fa2e603d65ecf3bc53cdea16,3de9fc4f92f9780ed4401764,Volunteer,168,555-020167,TestCity
5dafc67d4e2c2905f283a30e,a5c58ef44218818a950deb9a,Volunteer,169,555-020168,TestCity
ff1cdef287ec46008a25511a,bb1f3f76e4b0a48a31bc4e9c,Volunteer,170,555-020169,TestCity
a0bbb67b95b5683ff08093d6,8b744c6ec82d14a81372d97f,Volunteer,171,555-020170,TestCity
7585080d255cac9339f0a896,f27bac173220919db12feda2,Volunteer,172,555-020171,TestCity
9e558b242f81617b5bd702f6,71d7a2dc2947b35196bd179f,Volunteer,173,555-020172,TestCity
60fb9d2b961edb16353b9b23,9ec287457fc512d2ca8f9eef,Volunteer,174,555-020173,TestCity
a71f59822831ad7d32ac88de,55514e0319a98da22e85b7ec,Volunteer,175,555-020174,TestCity
cf0b8746312676ca53655d76,2b637e249d99a65f465388e8,Volunteer,176,555-020175,TestCity
8b63ce8ab15916f70d858a04,862a81fb99162884bfc327a7,Volunteer,177,555-020176,TestCity
499f105b68419b350fb74c0e,7a30f99dded2a4ab8d12ebd7,Volunteer,178,555-020177,TestCity
2dfe85b01005d5c9fad80240,d3790c67e6b7c9cf51a46bcf,Volunteer,179,555-020178,TestCity
4d996bccd49021d6fcf8319e,745e3d5970f052f9d687ff5c,Volunteer,180,555-020179,TestCity
71dcf4060b82b4d1057023e6,5ef9dd763d0f1b1804997a8c,Volunteer,181,555-020180,TestCity
354802b60847c6abccbc67b2,b49c34b1541c03c7ca58307f,Volunteer,182,555-020181,TestCity
e32c811256aea8d2facbff3f,fa83948f8c7eba6e34cb49a4,Volunteer,183,555-020182,TestCity
fd36d18bb11ade6226324d66,ca43294f83004cbf37514947,Volunteer,184,555-020183,TestCity
93037da8570c498bf09a8a86,cca76eb1aab79198abceeb49,Volunteer,185,555-020184,TestCity
7a4c7ba83e31ecea438255fd,17e0c6862afd6d12a89d5811,Volunteer,186,555-020185,TestCity
9e9c6b00c2323f359d76a440,95d8a5e460f33fa3be2e7280,Volunteer,187,555-020186,TestCity
4d2e3896d288bab22a07a2fa,d9611faf5e30fa3f8f1b0edb,Volunteer,188,555-020187,TestCity
e22a54976592f84f32658dce,0428c0a3e899cacf29edaccc,Volunteer,189,555-020188,TestCity
52c2ae6e67f27355eacb30f3,7d559887c0f38d2839c330ac,Volunteer,190,555-020189,TestCity
61a5c3d56ccabef70ce251e2,f6b9bc805fd32ecd93402d7f,Volunteer,191,555-020190,TestCity
e62bd812facae6a55be81b3f,382df21c8ca6b20f6aa332f7,Volunteer,192,555-020191,TestCity
a78bc05dfc207290816769ec,c71c4296ef3faf91ce12bcc6,Volunteer,193,555-020192,TestCity
b55ebe7352e311ac7e8e925d,4cc344bf8ded5fe0a7cdbe86,Volunteer,194,555-020193,TestCity
7f3495e64214173bd654fddf,a09f607982c08b07576f8495,Volunteer,195,555-020194,TestCity
3a120e91315e69bd6b0ef2d3,524531016eb6783f1b0f5f91,Volunteer,196,555-020195,TestCity
0501d7b3b60add5017b0491a,8091d567b335ea6c7809b9d4,Volunteer,197,555-020196,TestCity
283e22655e1937c85a9c1a05,aaf95150f9502697c5985c73,Volunteer,198,555-020197,TestCity
f479dc82f47a016031298d04,2c4778ba0cd921df185686a2,Volunteer,199,555-020198,TestCity
33c94694f342360e06b1fe3e,eb46e36b3f9567749f09ae2c,Volunteer,200,555-020199,TestCity
1bbc1e79e1b8f7a0c07f73a2,5312e465af550f2295b024e8,Volunteer,201,555-020200,TestCity
2a0c024daf87c9ab473f4d78,8ce9337d122d49774ffdf4d8,Volunteer,202,555-020201,TestCity
1d8fabab5a5f0f8076e7a069,24ca972d039c534a39efbf67,Volunteer,203,555-020202,TestCity
0dd7ebb90cd30bec7630ee5b,1d329457c2fdb15fba544fab,Volunteer,204,555-020203,TestCity
907f238725e65ac2d3376e3b,8fa9d4c93952f6674f9f9918,Volunteer,205,555-020204,TestCity
a0956e3d4570162c0c85cc92,5070c171f7d32c87c6d2346d,Volunteer,206,555-020205,TestCity
fbbfe55d76e47736b8a8a7d3,7185e0f236638bfe4efc9028,Volunteer,207,555-020206,TestCity
faabd5da8a9543fa58d741ce,0d0c46d3bd1987c2c0df7aa9,Volunteer,208,555-020207,TestCity
b547886c84e35c4528c5e5f2,d456f271498b52f29bdd9f6c,Volunteer,209,555-020208,TestCity
2fdbdf59df88f1acc62c1b71,635717d408e7e37af264b0fd,Volunteer,210,555-020209,TestCity
f335ebadb223224438512109,4de1f4d80afb91eef9a99713,Volunteer,211,555-020210,TestCity
b5d7b89fc25bd33b788ebc8d,0040dfbeb4a1eafde93c2e27,Volunteer,212,555-020211,TestCity
0deb5a593582c43c6838db17,4fe95614fa76c6fc7badc3b3,Volunteer,213,555-020212,TestCity
69021cbe86339c0259204fe0,379ded5a13ffc6f1fbbb7165,Volunteer,214,555-020213,TestCity
42dfc6acde6bee8652388b22,f8cbf23b3df1aee98b713b4f,Volunteer,215,555-020214,TestCity
ee030da5c1b309f0cd5ae6c9,a60fdbb694ef0d6ca5f16a65,Volunteer,216,555-020215,TestCity
abe39326ec1d525cf1b125c2,6e1654152f7cccf306be010f,Volunteer,217,555-020216,TestCity
00a55f88ed2c7998c6b92fcf,842cedb66851a75b436f6663,Volunteer,218,555-020217,TestCity
7e0084758f56d5cd9269d1e4,35460b74f184a33ad93ab105,Volunteer,219,555-020218,TestCity
071bc70e9405d1e255374fdf,647a39e7d62b73a1e4a690df,Volunteer,220,555-020219,TestCity
d9e229a2f36ca259ecc71c15,8379037e470bc838f5c16b5b,Volunteer,221,555-020220,TestCity
000fe002f4d1994841e07c1a,6edb10ef3b03f0930194b21d,Volunteer,222,555-020221,TestCity
79b87f646c3bf70a6fe33d49,998625a517b1fe5ae663ddf2,Volunteer,223,555-020222,TestCity
235de72ec19bc740c816703d,e6c9c6101b5a80c4b1b8e0cf,Volunteer,224,555-020223,TestCity
37d8bc47e4eb930411f1a822,2325795e9dbbd3fac9bbd695,Volunteer,225,555-020224,TestCity
28993434629f2b328e88e7bf,27283144d487f0107a5124d3,Volunteer,226,555-020225,TestCity
0fd601c78f2258018f7e3747,378b1efef21ff341236df59f,Volunteer,227,555-020226,TestCity
b134c7d2fd4a950b74eab100,61fdab7205cf247385e84c4c,Volunteer,228,555-020227,TestCity
68e9cce63a0fccf10221efcb,40f75345925c9d2aef21d1d3,Volunteer,229,555-020228,TestCity
8a4ff2a802c9abc9f4866884,beb404ba45df570483e56664,Volunteer,230,555-020229,TestCity
54dd812c488bc56b2af403d9,dc91b0f029ec2538e481e308,Volunteer,231,555-020230,TestCity
06dbb6d3a9642fa3e8ba0d2b,0643cc64bde929e6ca2799ea,Volunteer,232,555-020231,TestCity
9c2122ba8491ec0804ab0ba0,324497e6bb3e8d8243f34e73,Volunteer,233,555-020232,TestCity
fd6b9d27f645c96878a2866a,11e110f7c02a5a8017d27b3f,Volunteer,234,555-020233,TestCity
231c8e03e8119dfdc4cb7e11,b794e8e365cd11bf339a835a,Volunteer,235,555-020234,TestCity
4cceb77fddf840acc42316dc,b57fc3a2583beaee26098240,Volunteer,236,555-020235,TestCity
08696a9c8326cb14c7f80da8,8e6e4a5216e7c741d5d162ab,Volunteer,237,555-020236,TestCity
4d027ac2b933d0328d9d3db4,14e2c8b0f38bc8b0c9c4d420,Volunteer,238,555-020237,TestCity
63dbb021de676ee9f12396fc,a3cfae76d1a7bed2e1ec9627,Volunteer,239,555-020238,TestCity
2e72e465ae0c0722b256db72,a353ca9d3093753e659a3b79,Volunteer,240,555-020239,TestCity
acda87d03c3f0ea97b6ec4b3,601344cd941d4ec7dce76878,Volunteer,241,555-020240,TestCity
82bd1fbdeed8549e1e671a9c,3b2cf56ea3527d5c6d17be9f,Volunteer,242,555-020241,TestCity
df283e40e49af4c1b4ee5028,64449f3c2c84eaf0f4d70bf6,Volunteer,243,555-020242,TestCity
394930031083c3ee9909e110,df4cb40e60357e6532d55d5f,Volunteer,244,555-020243,TestCity
63c4b7e9b08c35b09fc4d246,4c67d1c94a5ad3310375d569,Volunteer,245,555-020244,TestCity
472798f66defd81f8ccdcefd,0884d62e04ccdd6dbcb174bd,Volunteer,246,555-020245,TestCity
043112b58dbb4bfc4c702b17,383c6d8d342daa0f46d0a297,Volunteer,247,555-020246,TestCity
c03c5ebb8e91933bae72ca55,8f0c4a8efa32cfda3e262c5c,Volunteer,248,555-020247,TestCity
2022027d4ab7cc682b381b24,f075c516217a185be2976336,Volunteer,249,555-020248,TestCity
58d8f65d7248e9cfffe2dad9,bfd72eb7091194d213938305,Volunteer,250,555-020249,TestCity
b11d823fd89de96a190af022,6fb1afbb89e256ba0b2fc438,Volunteer,251,555-020250,TestCity
ebc00d1f104efdb2d7fb2cff,2debf4195f42a68030ed78a5,Volunteer,252,555-020251,TestCity
12b7fec778f4f6ca8bc7ee53,65050d6707e817d837419706,Volunteer,253,555-020252,TestCity
80f364e3b64ed21b70961b16,8fe2a80a4a457c0db9874f9b,Volunteer,254,555-020253,TestCity
94e4cc59ab37ead4f81be5c7,e8f0093f79f9bf3755eef797,Volunteer,255,555-020254,TestCity
3b478346cdcf89b5339271be,4365bd5f9091689a260bbc19,Volunteer,256,555-020255,TestCity
5c1ef0d7967632cb2bc78ed9,f879d96ddf1bf631372a1c76,Volunteer,257,555-020256,TestCity
903cee8622d891b692667ab7,6b6fc50467cc2f5ef167ad44,Volunteer,258,555-020257,TestCity
06aba6ebf95e7afca9edd903,be0e1c3da58c0d5b74e24eb2,Volunteer,259,555-020258,TestCity
77481024dbdbb8fb78016a31,b07aab30243d13978ae6a386,Volunteer,260,555-020259,TestCity
cc12f232e90567feda56ac82,41c44a2687e8992cd7c4f788,Volunteer,261,555-020260,TestCity
b66ddec393085f0781a7f974,127db220a99c50eb0f8eecea,Volunteer,262,555-020261,TestCity
bfaabf5b94ab58a9cee6a232,196ae4931a833a47ec0533ef,Volunteer,263,555-020262,TestCity
60fee8270cf23a8f0b43fbbe,03bb4d9b13acc0c2572870b4,Volunteer,264,555-020263,TestCity
33a92737c47eb839171ebc07,f43dfdcc1598e9f772e90e74,Volunteer,265,555-020264,TestCity
8f3f65790f9981d9fb366d9e,f02654f154c625b127792e5e,Volunteer,266,555-020265,TestCity
c0f879a6ae334b8d2e46e188,5f9b8f9185517ccf24e006c3,Volunteer,267,555-020266,TestCity
941451bb3fbbc8caee0209c2,4ee90128a7af80fd304b5cfc,Volunteer,268,555-020267,TestCity
df2a2998371c062558c05273,8125b8d8280d17145b1f6fb3,Volunteer,269,555-020268,TestCity
c944f042e73681e4e37856d5,369bd234b52b88c46a6c224b,Volunteer,270,555-020269,TestCity
d1f8178886294df8c5fad8ea,60e810cfa3d5e1d2201c8566,Volunteer,271,555-020270,TestCity
7071f0059d0a3b79f95ae056,eb9169a1f1c1d755773e0bfe,Volunteer,272,555-020271,TestCity
e3765f053bbcd4874d00c950,20344be1b5a3c31e363b1361,Volunteer,273,555-020272,TestCity
5fbd19212c7b7846af6583e5,8a7f89b5cbfa1e08c1b161f9,Volunteer,274,555-020273,TestCity
819e653410ab25e221aca76b,6383839a9ac2adaee430c6b2,Volunteer,275,555-020274,TestCity
bb40a2d178fe2999be2656e2,24d2b54024e609d257a93ef4,Volunteer,276,555-020275,TestCity
d2d227da4e642d1d489d0cc6,4c6ba9f5918d3761b4a6f4ac,Volunteer,277,555-020276,TestCity
80d6086556f2c97ff34f0659,201f970b2dfaa22f526bfca0,Volunteer,278,555-020277,TestCity
c6ce1d9c0ef4309fd22b3c72,c21f1ec6d9d99879621946d9,Volunteer,279,555-020278,TestCity
edaf6547b3255e936eb13738,be130ca2eecc58a18fd518e8,Volunteer,280,555-020279,TestCity
8e323ac023abfe7fa594cebf,42bc06d97ee868132f3e2481,Volunteer,281,555-020280,TestCity
6dba3ee0a4f7e58ced364341,4dd51c6d6428ae59125a9a6f,Volunteer,282,555-020281,TestCity
1006b8c00dd9ef284c044d34,49f0e3ca115533a9c1f8a8e8,Volunteer,283,555-020282,TestCity
0612a8fcf36a14aa67248552,a2232e87ebb6b5ece72825e0,Volunteer,284,555-020283,TestCity
fea0b12df1499522013a1565,79ef8843ad8243e36d604837,Volunteer,285,555-020284,TestCity
ecc2d38887d3b68343210d53,7dc6185237e8ede7a574d933,Volunteer,286,555-020285,TestCity
9e80783a2e392268ef914bdc,b6fe7003fbd2ab2460caf376,Volunteer,287,555-020286,TestCity
919bea5879c2a6c56293fc9d,7a16a14c5929405713556128,Volunteer,288,555-020287,TestCity
7fb5e900259df5e59f8fffda,a242f6326b1d32ffa5fe0dcb,Volunteer,289,555-020288,TestCity
e5d621c373d936683f304719,ffb427743cb91a5dc113994c,Volunteer,290,555-020289,TestCity
dbe61aa2a66988142ed70b70,adbc2168de12e1ce2174ac83,Volunteer,291,555-020290,TestCity
f2c5f821e2acd7666f163a49,a9ee97d247733afd45f3d335,Volunteer,292,555-020291,TestCity
18a5256a0545177ce614242f,9f93e0696453b9d663eb4fb7,Volunteer,293,555-020292,TestCity
f83f96023ffa0eb881c6e248,b926710247d100ea43bbad8d,Volunteer,294,555-020293,TestCity
d1378e7aeb3f803f4d442b03,9dab3d799e0b4cc08b671c55,Volunteer,295,555-020294,TestCity
9e7b52ad9b47fb3323c795d1,6196d75aa15b1dedb5f43287,Volunteer,296,555-020295,TestCity
8431fca36e0b13fff630fd4e,e155e23703274a618e488e6f,Volunteer,297,555-020296,TestCity
07fd2e80db92a0097bea4f91,47b8402d0ffe3b6a0219279b,Volunteer,298,555-020297,TestCity
37a0400b2c036b89801554fe,5dfc3d5ef84f81861373b661,Volunteer,299,555-020298,TestCity
e8da961ad5bd31e02c3e8f5b,8832c26d246f39efc6d3498e,Volunteer,300,555-020299,TestCity
dfcd8362934f4070cfaca262,a0ab1034def43a5478c5ca84,Volunteer,301,555-020300,TestCity
f86525a99060efc5bab2fb47,1103dbaa37bd22bd5fc4753b,Volunteer,302,555-020301,TestCity
ac26bf539f9f6a33885048c3,474c5543ed13c7ba43afbe89,Volunteer,303,555-020302,TestCity
4c6be4aa3b74911959d90ada,6bfa23cb7978122b6bd29659,Volunteer,304,555-020303,TestCity
94845a555778a32aef188e98,ab339427d3540c340d0f498c,Volunteer,305,555-020304,TestCity
0b1948248c35c91569d2acf8,e5fdc4511a67f09d070dc8f7,Volunteer,306,555-020305,TestCity
43b3d37f94b2f5e49afd016d,655598f5c19351fa0138d59a,Volunteer,307,555-020306,TestCity
22b14012dbf54ab0ace157b4,55b8bfabef5b45b24e881976,Volunteer,308,555-020307,TestCity
9c010cb3199b8968d945bfe8,b93afe86b76df67dad2c8a13,Volunteer,309,555-020308,TestCity
c4da916337f226e7aff92b74,1c815c4577c8381e91269b98,Volunteer,310,555-020309,TestCity
